transaction_amount,transaction_card_type,transaction_ecommerce_website_name,transaction_country_name,transaction_datetime,transaction_id,transaction_city_name,transaction_product_name
50.85,MasterCard,www.ebay.com,India,2019-05-14 15:24:12,1,Mumbai,Laptop
259.12,MasterCard,www.amazon.com,India,2019-05-14 15:24:13,2,Pune,Wrist Band
328.16,MasterCard,www.flipkart.com,United States,2019-05-14 15:24:14,3,New York City,TV Stand
399.06,Visa,www.snapdeal.com,Inida,2019-05-14 15:24:15,4,New Delhi,TV Stand
194.52,Visa,www.ebay.com,Italy,2019-05-14 15:24:16,5,Rome,External Hard Drive
415.65,Maestro,www.flipkart.com,India,2019-05-14 15:24:17,6,Kolkata,TV
467.12,MasterCard,www.amazon.com,India,2019-05-14 15:24:18,7,Kolkata,Wrist Watch
361.61,Visa,www.ebay.com,India,2019-05-14 15:24:19,8,Kolkata,Laptop
357.34,Maestro,www.amazon.com,India,2019-05-14 15:24:20,9,Bangalore,Text Books
495.91,Visa,www.snapdeal.com,India,2019-05-14 15:24:21,10,Bangalore,Laptop
546.01,Visa,www.snapdeal.com,India,2019-05-14 15:24:22,11,Hyderabad,External Hard Drive
384.41,MasterCard,www.snapdeal.com,India,2019-05-14 15:24:23,12,Bangalore,LAN Cable
144.32,MasterCard,www.snapdeal.com,Thailand,2019-05-14 15:24:24,13,Bangkok,Wrist Band
108.46,MasterCard,www.snapdeal.com,India,2019-05-14 15:24:25,14,Kolkata,External Hard Drive
356.26,Visa,www.ebay.com,India,2019-05-14 15:24:26,15,Hyderabad,Mobile Phone
142.84,Visa,www.flipkart.com,United Kingdom,2019-05-14 15:24:27,16,London,Laptop
425.12,Maestro,www.ebay.com,India,2019-05-14 15:24:28,17,Kolkata,Pen Drive
526.77,MasterCard,www.snapdeal.com,Singapore,2019-05-14 15:24:29,18,Singapore,Text Books
238.7,Maestro,www.amazon.com,India,2019-05-14 15:24:30,19,Mumbai,Text Books
409.09,Visa,www.flipkart.com,Italy,2019-05-14 15:24:31,20,Rome,TV Stand
73.31,MasterCard,www.ebay.com,India,2019-05-14 15:24:32,21,Bangalore,Desktop Computer
383.26,MasterCard,www.amazon.com,India,2019-05-14 15:24:33,22,Pune,TV Stand
126.14,Maestro,www.ebay.com,India,2019-05-14 15:24:34,23,Bangalore,TV
223.35,Maestro,www.flipkart.com,India,2019-05-14 15:24:35,24,Hyderabad,TV Stand
273.33,MasterCard,www.flipkart.com,Italy,2019-05-14 15:24:36,25,Rome,Desktop Computer
66.37,MasterCard,www.snapdeal.com,United States,2019-05-14 15:24:37,26,New York City,TV Stand
226.29,Maestro,www.flipkart.com,India,2019-05-14 15:24:38,27,Kolkata,Laptop
81.17,MasterCard,www.ebay.com,India,2019-05-14 15:24:39,28,Kolkata,TV
113.86,Visa,www.amazon.com,United States,2019-05-14 15:24:40,29,New York City,Mobile Phone
324.22,Visa,www.snapdeal.com,India,2019-05-14 15:24:41,30,Hyderabad,External Hard Drive
119.76,Maestro,www.flipkart.com,India,2019-05-14 15:24:42,31,Mumbai,Wrist Watch
103.16,Maestro,www.ebay.com,Thailand,2019-05-14 15:24:43,32,Bangkok,HDMI Cable
41.85,Maestro,www.snapdeal.com,India,2019-05-14 15:24:44,33,Hyderabad,Pen Drive
420.44,MasterCard,www.ebay.com,India,2019-05-14 15:24:45,34,Kolkata,Mobile Phone
105.67,MasterCard,www.flipkart.com,United States,2019-05-14 15:24:46,35,New York City,LAN Cable
167.72,Visa,www.amazon.com,India,2019-05-14 15:24:47,36,Mumbai,Pen Drive
98.71,Visa,www.snapdeal.com,France,2019-05-14 15:24:48,37,Paris,TV
422.85,Maestro,www.snapdeal.com,Israel,2019-05-14 15:24:49,38,Jerusalem,Pen Drive
516.49,MasterCard,www.ebay.com,India,2019-05-14 15:24:50,39,Mumbai,Wrist Band
300.83,Maestro,www.flipkart.com,India,2019-05-14 15:24:51,40,Hyderabad,Wrist Band
437.26,Maestro,www.ebay.com,India,2019-05-14 15:24:52,41,Pune,HDMI Cable
73.92,Visa,www.amazon.com,Italy,2019-05-14 15:24:53,42,Rome,TV Stand
522.51,MasterCard,www.flipkart.com,Singapore,2019-05-14 15:24:54,43,Singapore,Mobile Phone
462.37,Maestro,www.snapdeal.com,India,2019-05-14 15:24:55,44,Bangalore,LAN Cable
185.57,MasterCard,www.amazon.com,India,2019-05-14 15:24:56,45,Mumbai,Wrist Band
248.88,MasterCard,www.flipkart.com,France,2019-05-14 15:24:57,46,Paris,Laptop
488.52,Maestro,www.flipkart.com,India,2019-05-14 15:24:58,47,Kolkata,Wrist Band
220.48,Visa,www.snapdeal.com,India,2019-05-14 15:24:59,48,Mumbai,Text Books
553.36,MasterCard,www.amazon.com,India,2019-05-14 15:25:00,49,Kolkata,Text Books
265.77,Visa,www.snapdeal.com,Singapore,2019-05-14 15:25:01,50,Singapore,Pen Drive
530.51,MasterCard,www.ebay.com,United States,2019-05-14 15:25:02,51,New York City,Desktop Computer
490.54,Visa,www.amazon.com,India,2019-05-14 15:25:03,52,Mumbai,HDMI Cable
215.59,MasterCard,www.flipkart.com,India,2019-05-14 15:25:04,53,Kolkata,TV
102.84,Maestro,www.flipkart.com,India,2019-05-14 15:25:05,54,Chennai,Wrist Band
158.92,Maestro,www.snapdeal.com,France,2019-05-14 15:25:06,55,Paris,TV Stand
258.35,Visa,www.amazon.com,India,2019-05-14 15:25:07,56,Mumbai,HDMI Cable
498.95,Maestro,www.ebay.com,United States,2019-05-14 15:25:08,57,New York City,Mobile Phone
341.11,MasterCard,www.flipkart.com,United Kingdom,2019-05-14 15:25:09,58,London,Mobile Phone
427.66,Visa,www.ebay.com,United Kingdom,2019-05-14 15:25:10,59,London,TV
51.7,MasterCard,www.ebay.com,United States,2019-05-14 15:25:11,60,New York City,TV
374.22,Visa,www.amazon.com,Israel,2019-05-14 15:25:12,61,Jerusalem,Text Books
57.94,Maestro,www.snapdeal.com,United Kingdom,2019-05-14 15:25:13,62,London,Wrist Band
536.88,MasterCard,www.ebay.com,Thailand,2019-05-14 15:25:14,63,Bangkok,LAN Cable
236.41,MasterCard,www.amazon.com,Singapore,2019-05-14 15:25:15,64,Singapore,Wrist Watch
339.6,Visa,www.snapdeal.com,United States,2019-05-14 15:25:16,65,New York City,Wrist Band
239.3,Maestro,www.amazon.com,Italy,2019-05-14 15:25:17,66,Rome,TV
43.31,Maestro,www.snapdeal.com,United States,2019-05-14 15:25:18,67,New York City,Desktop Computer
285.75,Maestro,www.ebay.com,India,2019-05-14 15:25:19,68,Hyderabad,Pen Drive
138.72,Maestro,www.amazon.com,France,2019-05-14 15:25:20,69,Paris,External Hard Drive
127.9,Visa,www.snapdeal.com,Italy,2019-05-14 15:25:21,70,Rome,Laptop
253.48,Visa,www.snapdeal.com,Singapore,2019-05-14 15:25:22,71,Singapore,Wrist Watch
452.82,MasterCard,www.flipkart.com,India,2019-05-14 15:25:23,72,Kolkata,HDMI Cable
486.73,Maestro,www.flipkart.com,Inida,2019-05-14 15:25:24,73,New Delhi,Wrist Watch
289.02,Visa,www.amazon.com,United States,2019-05-14 15:25:25,74,New York City,Text Books
508.9,Maestro,www.ebay.com,India,2019-05-14 15:25:26,75,Bangalore,Text Books
496.45,Visa,www.amazon.com,India,2019-05-14 15:25:27,76,Bangalore,Laptop
312.8,Maestro,www.ebay.com,India,2019-05-14 15:25:28,77,Hyderabad,Wrist Band
437.53,Visa,www.flipkart.com,India,2019-05-14 15:25:29,78,Chennai,HDMI Cable
482.42,Visa,www.snapdeal.com,United Kingdom,2019-05-14 15:25:30,79,London,Mobile Phone
241.29,Visa,www.snapdeal.com,India,2019-05-14 15:25:31,80,Pune,Text Books
305.17,Maestro,www.snapdeal.com,United Kingdom,2019-05-14 15:25:32,81,London,Wrist Band
215.24,MasterCard,www.ebay.com,Inida,2019-05-14 15:25:33,82,New Delhi,External Hard Drive
544.25,Visa,www.amazon.com,Inida,2019-05-14 15:25:34,83,New Delhi,TV Stand
104.65,MasterCard,www.snapdeal.com,India,2019-05-14 15:25:35,84,Chennai,TV
104.58,MasterCard,www.flipkart.com,United Kingdom,2019-05-14 15:25:36,85,London,Wrist Band
336.2,Maestro,www.ebay.com,Thailand,2019-05-14 15:25:37,86,Bangkok,TV
433.83,Visa,www.ebay.com,Thailand,2019-05-14 15:25:38,87,Bangkok,Text Books
170.29,Visa,www.ebay.com,United States,2019-05-14 15:25:39,88,New York City,TV
50.49,Visa,www.snapdeal.com,India,2019-05-14 15:25:40,89,Kolkata,Wrist Band
228.82,MasterCard,www.snapdeal.com,United States,2019-05-14 15:25:41,90,New York City,Wrist Watch
246.08,MasterCard,www.ebay.com,Italy,2019-05-14 15:25:42,91,Rome,Pen Drive
333.7,MasterCard,www.amazon.com,India,2019-05-14 15:25:43,92,Mumbai,External Hard Drive
528.2,Visa,www.flipkart.com,Thailand,2019-05-14 15:25:44,93,Bangkok,TV
54.51,Maestro,www.ebay.com,United States,2019-05-14 15:25:45,94,New York City,Laptop
271.76,Maestro,www.ebay.com,Israel,2019-05-14 15:25:46,95,Jerusalem,Mobile Phone
226.74,Maestro,www.ebay.com,Thailand,2019-05-14 15:25:47,96,Bangkok,External Hard Drive
120.17,MasterCard,www.amazon.com,Israel,2019-05-14 15:25:48,97,Jerusalem,HDMI Cable
110.45,MasterCard,www.amazon.com,Italy,2019-05-14 15:25:49,98,Rome,Laptop
466.11,Visa,www.amazon.com,India,2019-05-14 15:25:50,99,Kolkata,Text Books
407.11,Maestro,www.snapdeal.com,Italy,2019-05-14 15:25:51,100,Rome,HDMI Cable
280.18,MasterCard,www.snapdeal.com,Inida,2019-05-14 15:25:52,101,New Delhi,LAN Cable
160.98,Visa,www.flipkart.com,Singapore,2019-05-14 15:25:53,102,Singapore,TV
56.33,MasterCard,www.amazon.com,Singapore,2019-05-14 15:25:54,103,Singapore,Mobile Phone
248.99,Visa,www.flipkart.com,Italy,2019-05-14 15:25:55,104,Rome,Laptop
344.49,Visa,www.flipkart.com,Thailand,2019-05-14 15:25:56,105,Bangkok,Wrist Band
217.15,Visa,www.snapdeal.com,United Kingdom,2019-05-14 15:25:57,106,London,Pen Drive
15.93,MasterCard,www.amazon.com,Singapore,2019-05-14 15:25:58,107,Singapore,External Hard Drive
413.7,Maestro,www.snapdeal.com,India,2019-05-14 15:25:59,108,Kolkata,Desktop Computer
529.57,Maestro,www.ebay.com,United States,2019-05-14 15:26:00,109,New York City,Laptop
367.76,MasterCard,www.ebay.com,United Kingdom,2019-05-14 15:26:01,110,London,Laptop
383.29,Visa,www.ebay.com,Italy,2019-05-14 15:26:02,111,Rome,External Hard Drive
131.67,MasterCard,www.ebay.com,India,2019-05-14 15:26:03,112,Chennai,Laptop
72.47,Visa,www.amazon.com,India,2019-05-14 15:26:04,113,Pune,LAN Cable
88.04,Maestro,www.ebay.com,France,2019-05-14 15:26:05,114,Paris,TV Stand
535.31,Maestro,www.amazon.com,India,2019-05-14 15:26:06,115,Hyderabad,Pen Drive
91.92,Maestro,www.flipkart.com,Singapore,2019-05-14 15:26:07,116,Singapore,Text Books
177.91,Visa,www.ebay.com,Inida,2019-05-14 15:26:08,117,New Delhi,TV
201.18,Visa,www.snapdeal.com,Thailand,2019-05-14 15:26:09,118,Bangkok,LAN Cable
507.15,Maestro,www.ebay.com,France,2019-05-14 15:26:10,119,Paris,HDMI Cable
85.94,MasterCard,www.flipkart.com,Thailand,2019-05-14 15:26:11,120,Bangkok,HDMI Cable
219.14,Maestro,www.flipkart.com,United Kingdom,2019-05-14 15:26:12,121,London,TV Stand
298.15,MasterCard,www.flipkart.com,United Kingdom,2019-05-14 15:26:13,122,London,Wrist Band
184.49,Maestro,www.flipkart.com,Italy,2019-05-14 15:26:14,123,Rome,Pen Drive
158.43,MasterCard,www.flipkart.com,India,2019-05-14 15:26:15,124,Kolkata,External Hard Drive
401.57,Visa,www.ebay.com,India,2019-05-14 15:26:16,125,Bangalore,Text Books
164.58,MasterCard,www.amazon.com,Singapore,2019-05-14 15:26:17,126,Singapore,HDMI Cable
188.75,Maestro,www.ebay.com,United Kingdom,2019-05-14 15:26:18,127,London,Laptop
167.35,Maestro,www.ebay.com,Singapore,2019-05-14 15:26:19,128,Singapore,HDMI Cable
135.84,Maestro,www.ebay.com,India,2019-05-14 15:26:20,129,Kolkata,Text Books
101.65,Maestro,www.ebay.com,Inida,2019-05-14 15:26:21,130,New Delhi,External Hard Drive
237.53,MasterCard,www.snapdeal.com,India,2019-05-14 15:26:22,131,Mumbai,TV Stand
428.31,MasterCard,www.snapdeal.com,United Kingdom,2019-05-14 15:26:23,132,London,Mobile Phone
476.98,MasterCard,www.amazon.com,India,2019-05-14 15:26:24,133,Chennai,Laptop
484.75,Visa,www.ebay.com,United States,2019-05-14 15:26:25,134,New York City,Desktop Computer
534.26,Visa,www.snapdeal.com,Singapore,2019-05-14 15:26:26,135,Singapore,HDMI Cable
304.75,Visa,www.flipkart.com,India,2019-05-14 15:26:27,136,Hyderabad,Wrist Band
385.63,Maestro,www.ebay.com,Israel,2019-05-14 15:26:28,137,Jerusalem,HDMI Cable
499.81,Maestro,www.ebay.com,India,2019-05-14 15:26:29,138,Chennai,HDMI Cable
36.57,Maestro,www.snapdeal.com,France,2019-05-14 15:26:30,139,Paris,Text Books
356.31,MasterCard,www.ebay.com,India,2019-05-14 15:26:31,140,Kolkata,TV Stand
301.97,Visa,www.amazon.com,India,2019-05-14 15:26:32,141,Mumbai,TV Stand
478.43,MasterCard,www.snapdeal.com,India,2019-05-14 15:26:33,142,Kolkata,LAN Cable
455.69,MasterCard,www.amazon.com,France,2019-05-14 15:26:34,143,Paris,Desktop Computer
510.58,MasterCard,www.amazon.com,Israel,2019-05-14 15:26:35,144,Jerusalem,External Hard Drive
302.23,Maestro,www.flipkart.com,Italy,2019-05-14 15:26:36,145,Rome,Mobile Phone
537.22,Maestro,www.ebay.com,Singapore,2019-05-14 15:26:37,146,Singapore,Wrist Band
277.91,Maestro,www.amazon.com,Singapore,2019-05-14 15:26:38,147,Singapore,External Hard Drive
38.33,Maestro,www.snapdeal.com,India,2019-05-14 15:26:39,148,Kolkata,Mobile Phone
242.89,MasterCard,www.flipkart.com,United Kingdom,2019-05-14 15:26:40,149,London,Desktop Computer
15.31,MasterCard,www.flipkart.com,India,2019-05-14 15:26:41,150,Kolkata,LAN Cable
254.36,MasterCard,www.amazon.com,United States,2019-05-14 15:26:42,151,New York City,Mobile Phone
112.94,MasterCard,www.snapdeal.com,India,2019-05-14 15:26:43,152,Chennai,Text Books
97.56,Maestro,www.flipkart.com,India,2019-05-14 15:26:44,153,Chennai,Wrist Band
478.81,MasterCard,www.snapdeal.com,India,2019-05-14 15:26:45,154,Mumbai,Wrist Watch
455.93,MasterCard,www.ebay.com,India,2019-05-14 15:26:46,155,Pune,Wrist Band
172.22,Maestro,www.flipkart.com,India,2019-05-14 15:26:47,156,Hyderabad,Wrist Watch
184.28,MasterCard,www.ebay.com,France,2019-05-14 15:26:48,157,Paris,Wrist Band
248.93,Visa,www.flipkart.com,India,2019-05-14 15:26:49,158,Pune,Wrist Band
147.2,Maestro,www.flipkart.com,Inida,2019-05-14 15:26:50,159,New Delhi,Laptop
120.16,MasterCard,www.snapdeal.com,India,2019-05-14 15:26:51,160,Pune,Wrist Watch
340.89,Maestro,www.ebay.com,France,2019-05-14 15:26:52,161,Paris,Wrist Band
241.93,Maestro,www.amazon.com,India,2019-05-14 15:26:53,162,Pune,Wrist Watch
357.81,Maestro,www.ebay.com,France,2019-05-14 15:26:54,163,Paris,TV Stand
251.68,Maestro,www.ebay.com,Singapore,2019-05-14 15:26:55,164,Singapore,Desktop Computer
334.5,MasterCard,www.snapdeal.com,United Kingdom,2019-05-14 15:26:56,165,London,Laptop
175.45,Visa,www.flipkart.com,Israel,2019-05-14 15:26:57,166,Jerusalem,HDMI Cable
388.48,Visa,www.ebay.com,India,2019-05-14 15:26:58,167,Hyderabad,HDMI Cable
426.57,Maestro,www.snapdeal.com,India,2019-05-14 15:26:59,168,Kolkata,TV Stand
279.88,Maestro,www.flipkart.com,Singapore,2019-05-14 15:27:00,169,Singapore,TV
86.49,Maestro,www.snapdeal.com,India,2019-05-14 15:27:01,170,Pune,Wrist Watch
54.79,Maestro,www.flipkart.com,Inida,2019-05-14 15:27:02,171,New Delhi,Mobile Phone
20.66,MasterCard,www.amazon.com,Israel,2019-05-14 15:27:03,172,Jerusalem,Laptop
100.89,Maestro,www.flipkart.com,United Kingdom,2019-05-14 15:27:04,173,London,TV
62.43,Visa,www.ebay.com,United Kingdom,2019-05-14 15:27:05,174,London,Desktop Computer
8.17,MasterCard,www.amazon.com,Inida,2019-05-14 15:27:06,175,New Delhi,Wrist Band
91.52,Maestro,www.snapdeal.com,Inida,2019-05-14 15:27:07,176,New Delhi,Laptop
418.56,Maestro,www.flipkart.com,France,2019-05-14 15:27:08,177,Paris,TV Stand
41.55,Maestro,www.ebay.com,India,2019-05-14 15:27:09,178,Chennai,HDMI Cable
200.83,Visa,www.ebay.com,Italy,2019-05-14 15:27:10,179,Rome,Wrist Watch
454.84,Maestro,www.ebay.com,France,2019-05-14 15:27:11,180,Paris,External Hard Drive
302.05,Maestro,www.amazon.com,Italy,2019-05-14 15:27:12,181,Rome,TV Stand
326.69,Maestro,www.snapdeal.com,Inida,2019-05-14 15:27:13,182,New Delhi,Wrist Watch
238.65,MasterCard,www.flipkart.com,United States,2019-05-14 15:27:14,183,New York City,Wrist Band
377.78,Maestro,www.ebay.com,India,2019-05-14 15:27:15,184,Mumbai,Wrist Watch
14.77,Maestro,www.flipkart.com,Inida,2019-05-14 15:27:16,185,New Delhi,TV Stand
291.52,Maestro,www.snapdeal.com,India,2019-05-14 15:27:17,186,Chennai,Pen Drive
409.28,Visa,www.amazon.com,United States,2019-05-14 15:27:18,187,New York City,Laptop
337.11,MasterCard,www.snapdeal.com,Italy,2019-05-14 15:27:19,188,Rome,External Hard Drive
187.54,Visa,www.flipkart.com,United Kingdom,2019-05-14 15:27:20,189,London,Wrist Band
337.51,Visa,www.ebay.com,Singapore,2019-05-14 15:27:21,190,Singapore,Mobile Phone
400.74,Maestro,www.amazon.com,India,2019-05-14 15:27:22,191,Bangalore,HDMI Cable
308.2,MasterCard,www.snapdeal.com,United States,2019-05-14 15:27:23,192,New York City,Wrist Watch
355.66,Maestro,www.amazon.com,United States,2019-05-14 15:27:24,193,New York City,External Hard Drive
131.78,Visa,www.flipkart.com,India,2019-05-14 15:27:25,194,Mumbai,Wrist Watch
314.88,Maestro,www.snapdeal.com,India,2019-05-14 15:27:26,195,Kolkata,TV Stand
354.86,Visa,www.ebay.com,India,2019-05-14 15:27:27,196,Kolkata,Text Books
467.0,Maestro,www.ebay.com,India,2019-05-14 15:27:28,197,Kolkata,TV
489.77,Visa,www.amazon.com,India,2019-05-14 15:27:29,198,Mumbai,Laptop
6.02,Maestro,www.flipkart.com,United States,2019-05-14 15:27:30,199,New York City,HDMI Cable
331.2,Visa,www.flipkart.com,United Kingdom,2019-05-14 15:27:31,200,London,HDMI Cable
519.18,MasterCard,www.flipkart.com,India,2019-05-14 15:27:32,201,Pune,External Hard Drive
114.79,MasterCard,www.snapdeal.com,Inida,2019-05-14 15:27:33,202,New Delhi,Wrist Watch
49.67,Visa,www.flipkart.com,India,2019-05-14 15:27:34,203,Bangalore,TV
28.82,MasterCard,www.snapdeal.com,India,2019-05-14 15:27:35,204,Pune,HDMI Cable
349.57,Maestro,www.ebay.com,India,2019-05-14 15:27:36,205,Chennai,Text Books
484.11,MasterCard,www.snapdeal.com,Thailand,2019-05-14 15:27:37,206,Bangkok,HDMI Cable
14.46,MasterCard,www.amazon.com,Israel,2019-05-14 15:27:38,207,Jerusalem,Laptop
9.77,Maestro,www.flipkart.com,India,2019-05-14 15:27:39,208,Bangalore,Pen Drive
37.46,MasterCard,www.amazon.com,Thailand,2019-05-14 15:27:40,209,Bangkok,Laptop
293.48,MasterCard,www.flipkart.com,India,2019-05-14 15:27:41,210,Chennai,HDMI Cable
349.39,Visa,www.snapdeal.com,Thailand,2019-05-14 15:27:42,211,Bangkok,TV
10.4,Visa,www.snapdeal.com,Singapore,2019-05-14 15:27:43,212,Singapore,Wrist Watch
134.73,Visa,www.flipkart.com,India,2019-05-14 15:27:44,213,Bangalore,Mobile Phone
343.39,Visa,www.snapdeal.com,India,2019-05-14 15:27:45,214,Chennai,Mobile Phone
476.97,Visa,www.ebay.com,India,2019-05-14 15:27:46,215,Bangalore,Wrist Band
281.12,MasterCard,www.flipkart.com,Italy,2019-05-14 15:27:47,216,Rome,External Hard Drive
548.56,Maestro,www.amazon.com,Israel,2019-05-14 15:27:48,217,Jerusalem,Desktop Computer
63.47,Maestro,www.snapdeal.com,India,2019-05-14 15:27:49,218,Bangalore,Text Books
411.71,Maestro,www.snapdeal.com,Singapore,2019-05-14 15:27:50,219,Singapore,External Hard Drive
477.31,MasterCard,www.amazon.com,Israel,2019-05-14 15:27:51,220,Jerusalem,Laptop
345.23,MasterCard,www.flipkart.com,India,2019-05-14 15:27:52,221,Hyderabad,TV
107.56,Visa,www.ebay.com,India,2019-05-14 15:27:53,222,Kolkata,Desktop Computer
491.43,MasterCard,www.snapdeal.com,France,2019-05-14 15:27:54,223,Paris,Desktop Computer
540.64,MasterCard,www.snapdeal.com,India,2019-05-14 15:27:55,224,Kolkata,HDMI Cable
162.23,Visa,www.amazon.com,Thailand,2019-05-14 15:27:56,225,Bangkok,Mobile Phone
21.8,Visa,www.snapdeal.com,United Kingdom,2019-05-14 15:27:57,226,London,External Hard Drive
142.44,MasterCard,www.flipkart.com,India,2019-05-14 15:27:58,227,Hyderabad,External Hard Drive
440.85,Visa,www.snapdeal.com,India,2019-05-14 15:27:59,228,Pune,External Hard Drive
339.6,MasterCard,www.amazon.com,United Kingdom,2019-05-14 15:28:00,229,London,Wrist Watch
233.79,Visa,www.ebay.com,France,2019-05-14 15:28:01,230,Paris,TV Stand
361.65,Visa,www.snapdeal.com,United Kingdom,2019-05-14 15:28:02,231,London,TV
183.41,MasterCard,www.flipkart.com,Israel,2019-05-14 15:28:03,232,Jerusalem,Wrist Watch
524.34,Maestro,www.amazon.com,India,2019-05-14 15:28:04,233,Hyderabad,LAN Cable
363.55,MasterCard,www.amazon.com,India,2019-05-14 15:28:05,234,Pune,TV Stand
12.7,MasterCard,www.snapdeal.com,Thailand,2019-05-14 15:28:06,235,Bangkok,TV Stand
139.24,Visa,www.ebay.com,Thailand,2019-05-14 15:28:07,236,Bangkok,HDMI Cable
241.19,Maestro,www.flipkart.com,Thailand,2019-05-14 15:28:08,237,Bangkok,Wrist Watch
308.0,Visa,www.amazon.com,Thailand,2019-05-14 15:28:09,238,Bangkok,External Hard Drive
405.05,Maestro,www.snapdeal.com,India,2019-05-14 15:28:10,239,Mumbai,Pen Drive
392.46,Visa,www.ebay.com,Thailand,2019-05-14 15:28:11,240,Bangkok,External Hard Drive
454.34,Visa,www.ebay.com,India,2019-05-14 15:28:12,241,Kolkata,Wrist Band
212.9,Visa,www.snapdeal.com,India,2019-05-14 15:28:13,242,Hyderabad,Wrist Watch
7.03,MasterCard,www.flipkart.com,Italy,2019-05-14 15:28:14,243,Rome,LAN Cable
52.17,Maestro,www.amazon.com,Inida,2019-05-14 15:28:15,244,New Delhi,Text Books
163.53,MasterCard,www.amazon.com,India,2019-05-14 15:28:16,245,Mumbai,Wrist Watch
259.46,Maestro,www.amazon.com,India,2019-05-14 15:28:17,246,Bangalore,Wrist Watch
514.83,MasterCard,www.amazon.com,India,2019-05-14 15:28:18,247,Hyderabad,TV Stand
258.03,Maestro,www.ebay.com,Italy,2019-05-14 15:28:19,248,Rome,Text Books
542.88,Maestro,www.snapdeal.com,India,2019-05-14 15:28:20,249,Mumbai,HDMI Cable
452.52,Visa,www.ebay.com,United States,2019-05-14 15:28:21,250,New York City,HDMI Cable
372.78,Visa,www.snapdeal.com,India,2019-05-14 15:28:22,251,Kolkata,TV Stand
413.79,MasterCard,www.amazon.com,United Kingdom,2019-05-14 15:28:23,252,London,Mobile Phone
70.94,Maestro,www.flipkart.com,India,2019-05-14 15:28:24,253,Hyderabad,External Hard Drive
76.18,MasterCard,www.ebay.com,Inida,2019-05-14 15:28:25,254,New Delhi,TV Stand
289.85,Maestro,www.snapdeal.com,France,2019-05-14 15:28:26,255,Paris,Wrist Watch
502.3,Visa,www.snapdeal.com,Israel,2019-05-14 15:28:27,256,Jerusalem,Laptop
550.17,MasterCard,www.flipkart.com,Israel,2019-05-14 15:28:28,257,Jerusalem,HDMI Cable
486.89,MasterCard,www.flipkart.com,Italy,2019-05-14 15:28:29,258,Rome,Pen Drive
20.92,Maestro,www.flipkart.com,India,2019-05-14 15:28:30,259,Kolkata,Wrist Band
434.67,Maestro,www.flipkart.com,India,2019-05-14 15:28:31,260,Pune,Mobile Phone
474.99,MasterCard,www.flipkart.com,India,2019-05-14 15:28:32,261,Mumbai,TV
539.97,MasterCard,www.flipkart.com,India,2019-05-14 15:28:33,262,Pune,Wrist Band
423.27,Maestro,www.amazon.com,Italy,2019-05-14 15:28:34,263,Rome,External Hard Drive
427.43,Visa,www.snapdeal.com,Inida,2019-05-14 15:28:35,264,New Delhi,TV
433.29,Maestro,www.amazon.com,Thailand,2019-05-14 15:28:36,265,Bangkok,Laptop
344.13,Visa,www.amazon.com,France,2019-05-14 15:28:37,266,Paris,Laptop
246.25,Visa,www.snapdeal.com,France,2019-05-14 15:28:38,267,Paris,Wrist Watch
434.75,Visa,www.snapdeal.com,India,2019-05-14 15:28:39,268,Hyderabad,Mobile Phone
461.69,MasterCard,www.snapdeal.com,Singapore,2019-05-14 15:28:40,269,Singapore,TV Stand
432.17,Maestro,www.snapdeal.com,France,2019-05-14 15:28:41,270,Paris,Pen Drive
485.57,Visa,www.ebay.com,United Kingdom,2019-05-14 15:28:42,271,London,Wrist Band
96.65,Visa,www.snapdeal.com,India,2019-05-14 15:28:43,272,Kolkata,Mobile Phone
321.59,Visa,www.snapdeal.com,India,2019-05-14 15:28:44,273,Pune,LAN Cable
160.98,Visa,www.ebay.com,France,2019-05-14 15:28:45,274,Paris,Pen Drive
550.32,Maestro,www.flipkart.com,United States,2019-05-14 15:28:46,275,New York City,Wrist Band
399.47,Maestro,www.snapdeal.com,India,2019-05-14 15:28:47,276,Hyderabad,Mobile Phone
152.17,MasterCard,www.ebay.com,India,2019-05-14 15:28:48,277,Pune,Wrist Band
437.34,Maestro,www.amazon.com,Inida,2019-05-14 15:28:49,278,New Delhi,Desktop Computer
168.08,MasterCard,www.snapdeal.com,Inida,2019-05-14 15:28:50,279,New Delhi,Pen Drive
505.5,Visa,www.flipkart.com,India,2019-05-14 15:28:51,280,Bangalore,Wrist Watch
96.32,MasterCard,www.snapdeal.com,India,2019-05-14 15:28:52,281,Pune,HDMI Cable
78.15,Visa,www.amazon.com,India,2019-05-14 15:28:53,282,Pune,External Hard Drive
120.67,Visa,www.snapdeal.com,Italy,2019-05-14 15:28:54,283,Rome,Laptop
90.94,Visa,www.snapdeal.com,India,2019-05-14 15:28:55,284,Chennai,TV Stand
316.58,Visa,www.ebay.com,India,2019-05-14 15:28:56,285,Mumbai,External Hard Drive
94.39,MasterCard,www.ebay.com,Singapore,2019-05-14 15:28:57,286,Singapore,HDMI Cable
484.08,MasterCard,www.ebay.com,France,2019-05-14 15:28:58,287,Paris,External Hard Drive
150.74,MasterCard,www.ebay.com,Singapore,2019-05-14 15:28:59,288,Singapore,LAN Cable
31.07,MasterCard,www.flipkart.com,Italy,2019-05-14 15:29:00,289,Rome,Desktop Computer
521.88,Visa,www.amazon.com,Israel,2019-05-14 15:29:01,290,Jerusalem,Desktop Computer
225.91,Visa,www.snapdeal.com,India,2019-05-14 15:29:02,291,Hyderabad,Wrist Band
43.85,Visa,www.ebay.com,India,2019-05-14 15:29:03,292,Bangalore,Wrist Band
360.43,Visa,www.snapdeal.com,India,2019-05-14 15:29:04,293,Chennai,Pen Drive
423.75,Maestro,www.snapdeal.com,Italy,2019-05-14 15:29:05,294,Rome,TV
237.25,Visa,www.snapdeal.com,India,2019-05-14 15:29:06,295,Hyderabad,Mobile Phone
414.59,Maestro,www.amazon.com,India,2019-05-14 15:29:07,296,Bangalore,HDMI Cable
119.34,MasterCard,www.amazon.com,United States,2019-05-14 15:29:08,297,New York City,Mobile Phone
438.77,Visa,www.snapdeal.com,India,2019-05-14 15:29:09,298,Chennai,TV
284.31,Visa,www.snapdeal.com,India,2019-05-14 15:29:10,299,Kolkata,Mobile Phone
333.13,MasterCard,www.ebay.com,United Kingdom,2019-05-14 15:29:11,300,London,LAN Cable
187.93,MasterCard,www.ebay.com,Inida,2019-05-14 15:29:12,301,New Delhi,Wrist Band
421.44,MasterCard,www.ebay.com,France,2019-05-14 15:29:13,302,Paris,Laptop
117.48,MasterCard,www.flipkart.com,Israel,2019-05-14 15:29:14,303,Jerusalem,LAN Cable
356.11,Visa,www.snapdeal.com,Inida,2019-05-14 15:29:15,304,New Delhi,Wrist Watch
483.61,Visa,www.amazon.com,India,2019-05-14 15:29:16,305,Pune,Text Books
245.44,Visa,www.ebay.com,India,2019-05-14 15:29:17,306,Kolkata,External Hard Drive
225.59,MasterCard,www.snapdeal.com,Inida,2019-05-14 15:29:18,307,New Delhi,Text Books
72.08,MasterCard,www.amazon.com,India,2019-05-14 15:29:19,308,Bangalore,Text Books
340.24,MasterCard,www.ebay.com,India,2019-05-14 15:29:20,309,Chennai,LAN Cable
453.59,Maestro,www.flipkart.com,Thailand,2019-05-14 15:29:21,310,Bangkok,LAN Cable
240.34,Maestro,www.ebay.com,India,2019-05-14 15:29:22,311,Chennai,TV
293.61,Visa,www.amazon.com,Thailand,2019-05-14 15:29:23,312,Bangkok,TV
271.58,Maestro,www.snapdeal.com,India,2019-05-14 15:29:24,313,Kolkata,Text Books
465.11,Maestro,www.snapdeal.com,Singapore,2019-05-14 15:29:25,314,Singapore,Text Books
268.07,Visa,www.snapdeal.com,India,2019-05-14 15:29:26,315,Chennai,LAN Cable
407.48,Visa,www.amazon.com,Israel,2019-05-14 15:29:27,316,Jerusalem,Wrist Watch
322.64,MasterCard,www.snapdeal.com,United Kingdom,2019-05-14 15:29:28,317,London,Wrist Band
341.97,Maestro,www.amazon.com,India,2019-05-14 15:29:29,318,Hyderabad,LAN Cable
392.44,MasterCard,www.flipkart.com,United Kingdom,2019-05-14 15:29:30,319,London,LAN Cable
28.95,Visa,www.snapdeal.com,India,2019-05-14 15:29:31,320,Kolkata,Laptop
432.27,MasterCard,www.amazon.com,France,2019-05-14 15:29:32,321,Paris,TV Stand
510.34,MasterCard,www.amazon.com,India,2019-05-14 15:29:33,322,Pune,Desktop Computer
16.05,MasterCard,www.snapdeal.com,Israel,2019-05-14 15:29:34,323,Jerusalem,Wrist Watch
32.76,Visa,www.flipkart.com,Thailand,2019-05-14 15:29:35,324,Bangkok,HDMI Cable
260.21,MasterCard,www.flipkart.com,India,2019-05-14 15:29:36,325,Bangalore,External Hard Drive
499.65,Maestro,www.amazon.com,France,2019-05-14 15:29:37,326,Paris,TV
250.68,MasterCard,www.flipkart.com,France,2019-05-14 15:29:38,327,Paris,Mobile Phone
469.14,MasterCard,www.snapdeal.com,India,2019-05-14 15:29:39,328,Pune,TV
489.32,Visa,www.flipkart.com,Israel,2019-05-14 15:29:40,329,Jerusalem,Mobile Phone
125.87,Maestro,www.flipkart.com,Thailand,2019-05-14 15:29:41,330,Bangkok,Wrist Watch
363.4,MasterCard,www.snapdeal.com,Italy,2019-05-14 15:29:42,331,Rome,TV
530.76,Visa,www.flipkart.com,Inida,2019-05-14 15:29:43,332,New Delhi,Text Books
227.37,Visa,www.flipkart.com,India,2019-05-14 15:29:44,333,Kolkata,Desktop Computer
285.12,Visa,www.flipkart.com,India,2019-05-14 15:29:45,334,Mumbai,Laptop
431.22,Maestro,www.flipkart.com,Israel,2019-05-14 15:29:46,335,Jerusalem,Wrist Band
451.79,Maestro,www.flipkart.com,France,2019-05-14 15:29:47,336,Paris,Wrist Watch
368.67,MasterCard,www.amazon.com,Thailand,2019-05-14 15:29:48,337,Bangkok,Mobile Phone
284.05,Maestro,www.amazon.com,India,2019-05-14 15:29:49,338,Kolkata,Pen Drive
466.57,MasterCard,www.flipkart.com,India,2019-05-14 15:29:50,339,Chennai,Desktop Computer
197.23,Visa,www.snapdeal.com,Inida,2019-05-14 15:29:51,340,New Delhi,TV Stand
344.06,MasterCard,www.ebay.com,Italy,2019-05-14 15:29:52,341,Rome,TV Stand
172.68,MasterCard,www.snapdeal.com,Singapore,2019-05-14 15:29:53,342,Singapore,Pen Drive
359.7,MasterCard,www.ebay.com,Singapore,2019-05-14 15:29:54,343,Singapore,TV
370.78,MasterCard,www.flipkart.com,Inida,2019-05-14 15:29:55,344,New Delhi,TV
265.23,MasterCard,www.amazon.com,India,2019-05-14 15:29:56,345,Chennai,Desktop Computer
388.06,Visa,www.snapdeal.com,Italy,2019-05-14 15:29:57,346,Rome,Laptop
243.9,MasterCard,www.flipkart.com,India,2019-05-14 15:29:58,347,Kolkata,Wrist Band
33.27,MasterCard,www.ebay.com,Singapore,2019-05-14 15:29:59,348,Singapore,Desktop Computer
305.03,Maestro,www.amazon.com,India,2019-05-14 15:30:00,349,Kolkata,TV Stand
47.9,Visa,www.amazon.com,India,2019-05-14 15:30:01,350,Kolkata,Laptop
361.92,Visa,www.amazon.com,Singapore,2019-05-14 15:30:02,351,Singapore,Mobile Phone
20.18,Visa,www.amazon.com,Italy,2019-05-14 15:30:03,352,Rome,LAN Cable
551.97,MasterCard,www.flipkart.com,India,2019-05-14 15:30:04,353,Pune,HDMI Cable
69.04,Maestro,www.snapdeal.com,Thailand,2019-05-14 15:30:05,354,Bangkok,External Hard Drive
507.43,Visa,www.snapdeal.com,India,2019-05-14 15:30:06,355,Kolkata,Mobile Phone
438.7,MasterCard,www.amazon.com,India,2019-05-14 15:30:07,356,Bangalore,Wrist Watch
20.18,Visa,www.flipkart.com,United Kingdom,2019-05-14 15:30:08,357,London,Wrist Band
457.38,Visa,www.ebay.com,India,2019-05-14 15:30:09,358,Pune,LAN Cable
123.12,Maestro,www.flipkart.com,Singapore,2019-05-14 15:30:10,359,Singapore,Wrist Watch
429.6,Visa,www.snapdeal.com,India,2019-05-14 15:30:11,360,Bangalore,TV Stand
193.6,MasterCard,www.flipkart.com,Israel,2019-05-14 15:30:12,361,Jerusalem,External Hard Drive
323.47,MasterCard,www.amazon.com,France,2019-05-14 15:30:13,362,Paris,Text Books
438.61,Visa,www.flipkart.com,India,2019-05-14 15:30:14,363,Hyderabad,Desktop Computer
117.27,MasterCard,www.ebay.com,India,2019-05-14 15:30:15,364,Hyderabad,Laptop
540.41,MasterCard,www.ebay.com,United States,2019-05-14 15:30:16,365,New York City,External Hard Drive
312.53,MasterCard,www.amazon.com,France,2019-05-14 15:30:17,366,Paris,Wrist Band
159.87,Visa,www.flipkart.com,France,2019-05-14 15:30:18,367,Paris,Desktop Computer
523.33,Visa,www.snapdeal.com,India,2019-05-14 15:30:20,368,Bangalore,Laptop
167.02,MasterCard,www.ebay.com,Inida,2019-05-14 15:30:21,369,New Delhi,Mobile Phone
14.19,Visa,www.flipkart.com,India,2019-05-14 15:30:22,370,Chennai,TV Stand
471.82,Visa,www.snapdeal.com,Singapore,2019-05-14 15:30:23,371,Singapore,HDMI Cable
305.36,MasterCard,www.amazon.com,India,2019-05-14 15:30:24,372,Mumbai,Pen Drive
201.81,Maestro,www.snapdeal.com,India,2019-05-14 15:30:25,373,Pune,Text Books
163.21,MasterCard,www.amazon.com,France,2019-05-14 15:30:26,374,Paris,LAN Cable
250.7,Visa,www.ebay.com,India,2019-05-14 15:30:27,375,Kolkata,Laptop
126.2,MasterCard,www.ebay.com,United Kingdom,2019-05-14 15:30:28,376,London,Desktop Computer
265.05,Visa,www.ebay.com,India,2019-05-14 15:30:29,377,Hyderabad,Mobile Phone
202.61,Visa,www.ebay.com,Inida,2019-05-14 15:30:30,378,New Delhi,Laptop
261.24,MasterCard,www.snapdeal.com,Italy,2019-05-14 15:30:31,379,Rome,TV
311.07,MasterCard,www.flipkart.com,France,2019-05-14 15:30:32,380,Paris,Desktop Computer
376.03,Visa,www.flipkart.com,Israel,2019-05-14 15:30:33,381,Jerusalem,Wrist Watch
528.96,Visa,www.amazon.com,Israel,2019-05-14 15:30:34,382,Jerusalem,Pen Drive
445.65,MasterCard,www.flipkart.com,India,2019-05-14 15:30:35,383,Hyderabad,HDMI Cable
65.41,Maestro,www.snapdeal.com,France,2019-05-14 15:30:36,384,Paris,HDMI Cable
374.88,Maestro,www.amazon.com,India,2019-05-14 15:30:37,385,Pune,Pen Drive
68.23,Maestro,www.amazon.com,United Kingdom,2019-05-14 15:30:38,386,London,Wrist Watch
357.72,MasterCard,www.flipkart.com,United States,2019-05-14 15:30:39,387,New York City,LAN Cable
26.01,Maestro,www.flipkart.com,Singapore,2019-05-14 15:30:40,388,Singapore,External Hard Drive
31.12,Visa,www.snapdeal.com,United States,2019-05-14 15:30:41,389,New York City,Wrist Watch
229.87,MasterCard,www.amazon.com,Singapore,2019-05-14 15:30:42,390,Singapore,Text Books
493.33,MasterCard,www.flipkart.com,India,2019-05-14 15:30:43,391,Kolkata,Text Books
478.92,MasterCard,www.ebay.com,India,2019-05-14 15:30:44,392,Hyderabad,HDMI Cable
77.29,Maestro,www.amazon.com,India,2019-05-14 15:30:45,393,Chennai,TV Stand
492.35,MasterCard,www.amazon.com,United Kingdom,2019-05-14 15:30:46,394,London,Text Books
235.52,Maestro,www.flipkart.com,Inida,2019-05-14 15:30:47,395,New Delhi,Desktop Computer
518.49,MasterCard,www.ebay.com,France,2019-05-14 15:30:48,396,Paris,External Hard Drive
8.2,MasterCard,www.flipkart.com,India,2019-05-14 15:30:49,397,Pune,HDMI Cable
144.49,Visa,www.snapdeal.com,India,2019-05-14 15:30:50,398,Hyderabad,TV
145.81,Maestro,www.amazon.com,Thailand,2019-05-14 15:30:51,399,Bangkok,HDMI Cable
280.58,Maestro,www.amazon.com,India,2019-05-14 15:30:52,400,Kolkata,Text Books
241.41,MasterCard,www.snapdeal.com,United States,2019-05-14 15:30:53,401,New York City,TV
394.67,Maestro,www.snapdeal.com,Italy,2019-05-14 15:30:54,402,Rome,Wrist Watch
466.9,MasterCard,www.snapdeal.com,Thailand,2019-05-14 15:30:55,403,Bangkok,Pen Drive
128.84,Visa,www.amazon.com,United States,2019-05-14 15:30:56,404,New York City,Desktop Computer
376.89,MasterCard,www.snapdeal.com,India,2019-05-14 15:30:57,405,Pune,TV Stand
413.87,Maestro,www.flipkart.com,United Kingdom,2019-05-14 15:30:58,406,London,Laptop
526.06,MasterCard,www.flipkart.com,India,2019-05-14 15:30:59,407,Mumbai,Pen Drive
77.64,Maestro,www.snapdeal.com,India,2019-05-14 15:31:00,408,Hyderabad,HDMI Cable
309.71,MasterCard,www.flipkart.com,India,2019-05-14 15:31:01,409,Chennai,Mobile Phone
464.22,Visa,www.amazon.com,France,2019-05-14 15:31:02,410,Paris,TV Stand
113.69,MasterCard,www.amazon.com,Italy,2019-05-14 15:31:03,411,Rome,TV
551.33,Maestro,www.snapdeal.com,India,2019-05-14 15:31:04,412,Kolkata,Text Books
328.61,MasterCard,www.flipkart.com,India,2019-05-14 15:31:05,413,Bangalore,Text Books
366.68,Visa,www.flipkart.com,India,2019-05-14 15:31:06,414,Mumbai,Laptop
209.32,Maestro,www.flipkart.com,Italy,2019-05-14 15:31:07,415,Rome,TV Stand
401.39,MasterCard,www.flipkart.com,India,2019-05-14 15:31:08,416,Hyderabad,HDMI Cable
137.73,Visa,www.snapdeal.com,India,2019-05-14 15:31:09,417,Bangalore,Laptop
238.39,Visa,www.flipkart.com,India,2019-05-14 15:31:10,418,Mumbai,TV Stand
123.52,Maestro,www.ebay.com,United States,2019-05-14 15:31:11,419,New York City,Mobile Phone
63.61,Maestro,www.amazon.com,Inida,2019-05-14 15:31:12,420,New Delhi,LAN Cable
228.02,Visa,www.ebay.com,United States,2019-05-14 15:31:13,421,New York City,LAN Cable
554.62,MasterCard,www.snapdeal.com,India,2019-05-14 15:31:14,422,Hyderabad,Wrist Band
16.37,MasterCard,www.amazon.com,Israel,2019-05-14 15:31:15,423,Jerusalem,TV Stand
132.93,Visa,www.amazon.com,United Kingdom,2019-05-14 15:31:16,424,London,TV
240.46,Maestro,www.ebay.com,United Kingdom,2019-05-14 15:31:17,425,London,Pen Drive
298.92,Maestro,www.ebay.com,United Kingdom,2019-05-14 15:31:18,426,London,Mobile Phone
439.95,Visa,www.ebay.com,United States,2019-05-14 15:31:19,427,New York City,Pen Drive
154.93,MasterCard,www.ebay.com,United Kingdom,2019-05-14 15:31:20,428,London,HDMI Cable
388.13,MasterCard,www.ebay.com,France,2019-05-14 15:31:21,429,Paris,HDMI Cable
55.27,MasterCard,www.ebay.com,Inida,2019-05-14 15:31:22,430,New Delhi,Wrist Band
34.34,Maestro,www.amazon.com,United States,2019-05-14 15:31:23,431,New York City,External Hard Drive
493.9,Visa,www.amazon.com,Israel,2019-05-14 15:31:24,432,Jerusalem,Laptop
210.74,Visa,www.snapdeal.com,United Kingdom,2019-05-14 15:31:25,433,London,Wrist Band
304.35,Visa,www.snapdeal.com,France,2019-05-14 15:31:26,434,Paris,LAN Cable
54.17,Maestro,www.amazon.com,Thailand,2019-05-14 15:31:27,435,Bangkok,TV
66.23,MasterCard,www.ebay.com,France,2019-05-14 15:31:28,436,Paris,Wrist Band
126.06,Maestro,www.snapdeal.com,Italy,2019-05-14 15:31:29,437,Rome,Desktop Computer
351.67,MasterCard,www.snapdeal.com,India,2019-05-14 15:31:30,438,Chennai,Text Books
70.53,Maestro,www.amazon.com,Singapore,2019-05-14 15:31:31,439,Singapore,TV
250.26,Maestro,www.snapdeal.com,India,2019-05-14 15:31:32,440,Chennai,Pen Drive
450.91,MasterCard,www.amazon.com,Singapore,2019-05-14 15:31:33,441,Singapore,Desktop Computer
451.06,Visa,www.amazon.com,India,2019-05-14 15:31:34,442,Kolkata,External Hard Drive
44.42,Maestro,www.amazon.com,Italy,2019-05-14 15:31:35,443,Rome,TV
261.79,Visa,www.ebay.com,Thailand,2019-05-14 15:31:36,444,Bangkok,External Hard Drive
102.06,MasterCard,www.ebay.com,United States,2019-05-14 15:31:37,445,New York City,Text Books
341.2,Visa,www.flipkart.com,Italy,2019-05-14 15:31:38,446,Rome,Desktop Computer
151.85,MasterCard,www.flipkart.com,Thailand,2019-05-14 15:31:39,447,Bangkok,Wrist Watch
213.45,Maestro,www.ebay.com,Inida,2019-05-14 15:31:40,448,New Delhi,Pen Drive
236.25,Maestro,www.ebay.com,India,2019-05-14 15:31:41,449,Chennai,Mobile Phone
172.32,Visa,www.flipkart.com,France,2019-05-14 15:31:42,450,Paris,Mobile Phone
479.63,Maestro,www.flipkart.com,Inida,2019-05-14 15:31:43,451,New Delhi,LAN Cable
454.91,MasterCard,www.ebay.com,Singapore,2019-05-14 15:31:44,452,Singapore,Laptop
230.18,MasterCard,www.amazon.com,India,2019-05-14 15:31:45,453,Mumbai,External Hard Drive
135.58,MasterCard,www.ebay.com,India,2019-05-14 15:31:46,454,Mumbai,Laptop
294.66,MasterCard,www.snapdeal.com,India,2019-05-14 15:31:47,455,Mumbai,Pen Drive
486.83,Visa,www.flipkart.com,Inida,2019-05-14 15:31:48,456,New Delhi,Wrist Band
148.19,Visa,www.amazon.com,India,2019-05-14 15:31:49,457,Hyderabad,TV Stand
133.57,MasterCard,www.flipkart.com,Singapore,2019-05-14 15:31:50,458,Singapore,Laptop
54.53,Visa,www.amazon.com,Thailand,2019-05-14 15:31:51,459,Bangkok,TV
251.92,MasterCard,www.ebay.com,United Kingdom,2019-05-14 15:31:52,460,London,LAN Cable
350.17,Maestro,www.flipkart.com,Inida,2019-05-14 15:31:53,461,New Delhi,HDMI Cable
331.66,Maestro,www.snapdeal.com,Singapore,2019-05-14 15:31:54,462,Singapore,Text Books
389.12,MasterCard,www.amazon.com,India,2019-05-14 15:31:55,463,Kolkata,External Hard Drive
508.23,Visa,www.snapdeal.com,United Kingdom,2019-05-14 15:31:56,464,London,External Hard Drive
79.68,MasterCard,www.ebay.com,India,2019-05-14 15:31:57,465,Chennai,Text Books
385.17,Visa,www.amazon.com,India,2019-05-14 15:31:58,466,Pune,TV
365.01,Visa,www.snapdeal.com,France,2019-05-14 15:31:59,467,Paris,Mobile Phone
190.68,Visa,www.snapdeal.com,United Kingdom,2019-05-14 15:32:00,468,London,Pen Drive
354.07,Maestro,www.ebay.com,Italy,2019-05-14 15:32:01,469,Rome,LAN Cable
20.63,MasterCard,www.ebay.com,India,2019-05-14 15:32:02,470,Pune,Pen Drive
130.46,Maestro,www.snapdeal.com,Thailand,2019-05-14 15:32:03,471,Bangkok,Desktop Computer
26.74,Maestro,www.ebay.com,Thailand,2019-05-14 15:32:04,472,Bangkok,TV
125.63,Maestro,www.ebay.com,Singapore,2019-05-14 15:32:05,473,Singapore,Pen Drive
362.77,MasterCard,www.ebay.com,India,2019-05-14 15:32:06,474,Kolkata,Desktop Computer
63.91,MasterCard,www.flipkart.com,Inida,2019-05-14 15:32:07,475,New Delhi,External Hard Drive
458.28,MasterCard,www.ebay.com,India,2019-05-14 15:32:08,476,Mumbai,TV Stand
466.08,Maestro,www.ebay.com,United Kingdom,2019-05-14 15:32:09,477,London,External Hard Drive
406.84,MasterCard,www.snapdeal.com,India,2019-05-14 15:32:10,478,Kolkata,TV Stand
351.41,Maestro,www.snapdeal.com,Thailand,2019-05-14 15:32:11,479,Bangkok,Laptop
115.81,Maestro,www.flipkart.com,India,2019-05-14 15:32:12,480,Bangalore,HDMI Cable
13.99,Visa,www.amazon.com,Inida,2019-05-14 15:32:13,481,New Delhi,Wrist Band
178.94,Visa,www.snapdeal.com,India,2019-05-14 15:32:14,482,Hyderabad,Desktop Computer
104.23,MasterCard,www.flipkart.com,Thailand,2019-05-14 15:32:15,483,Bangkok,TV
300.63,MasterCard,www.flipkart.com,India,2019-05-14 15:32:16,484,Hyderabad,Text Books
199.4,Visa,www.flipkart.com,India,2019-05-14 15:32:17,485,Hyderabad,TV
494.72,Visa,www.ebay.com,India,2019-05-14 15:32:18,486,Hyderabad,TV
375.83,Maestro,www.snapdeal.com,Thailand,2019-05-14 15:32:19,487,Bangkok,Wrist Watch
99.72,MasterCard,www.flipkart.com,India,2019-05-14 15:32:20,488,Mumbai,Mobile Phone
498.93,MasterCard,www.snapdeal.com,India,2019-05-14 15:32:21,489,Pune,Text Books
269.2,Maestro,www.snapdeal.com,India,2019-05-14 15:32:22,490,Chennai,Laptop
68.08,Maestro,www.snapdeal.com,Italy,2019-05-14 15:32:23,491,Rome,Wrist Band
341.61,Visa,www.amazon.com,Inida,2019-05-14 15:32:24,492,New Delhi,Text Books
458.05,MasterCard,www.amazon.com,United States,2019-05-14 15:32:25,493,New York City,Wrist Watch
494.64,MasterCard,www.amazon.com,India,2019-05-14 15:32:26,494,Mumbai,Pen Drive
421.45,Visa,www.ebay.com,Italy,2019-05-14 15:32:27,495,Rome,Wrist Watch
375.73,Maestro,www.ebay.com,Italy,2019-05-14 15:32:28,496,Rome,Text Books
491.79,Visa,www.snapdeal.com,United States,2019-05-14 15:32:29,497,New York City,Text Books
289.66,Visa,www.snapdeal.com,India,2019-05-14 15:32:30,498,Kolkata,Laptop
59.71,Visa,www.ebay.com,Singapore,2019-05-14 15:32:31,499,Singapore,Wrist Watch
303.7,Maestro,www.amazon.com,United Kingdom,2019-05-14 15:32:32,500,London,Wrist Band
49.52,MasterCard,www.snapdeal.com,Israel,2019-05-14 15:32:33,501,Jerusalem,Pen Drive
8.96,Visa,www.ebay.com,United States,2019-05-14 15:32:34,502,New York City,External Hard Drive
161.27,Visa,www.amazon.com,India,2019-05-14 15:32:35,503,Mumbai,LAN Cable
204.32,Maestro,www.flipkart.com,Singapore,2019-05-14 15:32:36,504,Singapore,External Hard Drive
380.8,Maestro,www.ebay.com,India,2019-05-14 15:32:37,505,Bangalore,HDMI Cable
351.57,Maestro,www.ebay.com,India,2019-05-14 15:32:38,506,Pune,Text Books
410.41,Maestro,www.flipkart.com,United Kingdom,2019-05-14 15:32:39,507,London,TV Stand
238.63,Maestro,www.snapdeal.com,India,2019-05-14 15:32:40,508,Hyderabad,HDMI Cable
93.32,Maestro,www.ebay.com,United Kingdom,2019-05-14 15:32:41,509,London,LAN Cable
308.81,Maestro,www.flipkart.com,Israel,2019-05-14 15:32:42,510,Jerusalem,Wrist Band
204.53,Maestro,www.snapdeal.com,India,2019-05-14 15:32:43,511,Chennai,Mobile Phone
76.09,MasterCard,www.flipkart.com,India,2019-05-14 15:32:44,512,Kolkata,TV
494.42,MasterCard,www.snapdeal.com,India,2019-05-14 15:32:45,513,Chennai,LAN Cable
122.3,Maestro,www.ebay.com,Italy,2019-05-14 15:32:46,514,Rome,HDMI Cable
109.09,MasterCard,www.ebay.com,France,2019-05-14 15:32:47,515,Paris,HDMI Cable
302.56,Maestro,www.flipkart.com,Israel,2019-05-14 15:32:48,516,Jerusalem,LAN Cable
86.18,MasterCard,www.flipkart.com,Israel,2019-05-14 15:32:49,517,Jerusalem,Wrist Watch
473.19,MasterCard,www.snapdeal.com,India,2019-05-14 15:32:50,518,Mumbai,External Hard Drive
142.59,Visa,www.amazon.com,Israel,2019-05-14 15:32:51,519,Jerusalem,LAN Cable
481.61,MasterCard,www.snapdeal.com,France,2019-05-14 15:32:52,520,Paris,TV
542.54,Visa,www.amazon.com,Italy,2019-05-14 15:32:53,521,Rome,Pen Drive
498.8,MasterCard,www.amazon.com,Thailand,2019-05-14 15:32:54,522,Bangkok,LAN Cable
525.33,Visa,www.snapdeal.com,France,2019-05-14 15:32:55,523,Paris,Wrist Band
121.4,Maestro,www.snapdeal.com,Thailand,2019-05-14 15:32:56,524,Bangkok,Wrist Band
128.45,MasterCard,www.snapdeal.com,Inida,2019-05-14 15:32:57,525,New Delhi,Pen Drive
473.91,Maestro,www.snapdeal.com,India,2019-05-14 15:32:58,526,Pune,TV Stand
361.29,MasterCard,www.amazon.com,India,2019-05-14 15:32:59,527,Kolkata,External Hard Drive
187.97,MasterCard,www.flipkart.com,India,2019-05-14 15:33:00,528,Hyderabad,Mobile Phone
155.62,Visa,www.ebay.com,France,2019-05-14 15:33:01,529,Paris,TV Stand
303.91,Maestro,www.flipkart.com,India,2019-05-14 15:33:02,530,Hyderabad,Wrist Band
37.64,Maestro,www.ebay.com,India,2019-05-14 15:33:03,531,Hyderabad,TV
229.83,Maestro,www.snapdeal.com,India,2019-05-14 15:33:04,532,Kolkata,Wrist Band
313.83,Maestro,www.snapdeal.com,India,2019-05-14 15:33:05,533,Bangalore,TV
329.04,Visa,www.ebay.com,India,2019-05-14 15:33:06,534,Bangalore,Mobile Phone
270.02,Maestro,www.snapdeal.com,India,2019-05-14 15:33:07,535,Kolkata,Text Books
312.87,Maestro,www.ebay.com,Thailand,2019-05-14 15:33:08,536,Bangkok,TV Stand
182.14,Visa,www.snapdeal.com,Thailand,2019-05-14 15:33:09,537,Bangkok,Text Books
248.91,MasterCard,www.flipkart.com,Israel,2019-05-14 15:33:10,538,Jerusalem,Text Books
443.88,Maestro,www.amazon.com,Italy,2019-05-14 15:33:11,539,Rome,Desktop Computer
288.41,MasterCard,www.snapdeal.com,India,2019-05-14 15:33:12,540,Bangalore,TV
125.88,Visa,www.amazon.com,India,2019-05-14 15:33:13,541,Mumbai,Wrist Watch
423.49,Visa,www.ebay.com,United States,2019-05-14 15:33:14,542,New York City,HDMI Cable
255.32,Visa,www.snapdeal.com,India,2019-05-14 15:33:15,543,Chennai,Pen Drive
180.13,Visa,www.ebay.com,Singapore,2019-05-14 15:33:16,544,Singapore,HDMI Cable
181.42,MasterCard,www.ebay.com,India,2019-05-14 15:33:17,545,Kolkata,Wrist Band
498.1,MasterCard,www.flipkart.com,India,2019-05-14 15:33:18,546,Kolkata,Wrist Band
55.52,MasterCard,www.snapdeal.com,Inida,2019-05-14 15:33:19,547,New Delhi,Mobile Phone
62.79,Visa,www.ebay.com,India,2019-05-14 15:33:20,548,Chennai,LAN Cable
295.08,Visa,www.flipkart.com,India,2019-05-14 15:33:21,549,Bangalore,Wrist Watch
374.97,MasterCard,www.flipkart.com,Israel,2019-05-14 15:33:22,550,Jerusalem,TV Stand
280.89,Maestro,www.ebay.com,Inida,2019-05-14 15:33:23,551,New Delhi,Desktop Computer
543.37,MasterCard,www.ebay.com,United States,2019-05-14 15:33:24,552,New York City,LAN Cable
304.8,Visa,www.amazon.com,Italy,2019-05-14 15:33:25,553,Rome,Pen Drive
301.52,MasterCard,www.flipkart.com,Italy,2019-05-14 15:33:26,554,Rome,Pen Drive
320.97,Maestro,www.flipkart.com,India,2019-05-14 15:33:27,555,Bangalore,HDMI Cable
383.66,Maestro,www.ebay.com,Israel,2019-05-14 15:33:28,556,Jerusalem,Mobile Phone
42.48,MasterCard,www.snapdeal.com,India,2019-05-14 15:33:29,557,Pune,LAN Cable
252.49,Maestro,www.snapdeal.com,India,2019-05-14 15:33:30,558,Chennai,LAN Cable
200.73,MasterCard,www.amazon.com,India,2019-05-14 15:33:31,559,Pune,Text Books
406.14,Maestro,www.ebay.com,India,2019-05-14 15:33:32,560,Chennai,Desktop Computer
137.64,Visa,www.ebay.com,United Kingdom,2019-05-14 15:33:33,561,London,LAN Cable
395.52,MasterCard,www.flipkart.com,France,2019-05-14 15:33:34,562,Paris,Mobile Phone
362.99,Visa,www.amazon.com,Singapore,2019-05-14 15:33:35,563,Singapore,Text Books
47.46,MasterCard,www.amazon.com,France,2019-05-14 15:33:36,564,Paris,Mobile Phone
397.95,Visa,www.ebay.com,India,2019-05-14 15:33:37,565,Chennai,Text Books
543.58,Maestro,www.amazon.com,India,2019-05-14 15:33:38,566,Bangalore,TV
372.77,Maestro,www.snapdeal.com,Singapore,2019-05-14 15:33:39,567,Singapore,Laptop
258.22,MasterCard,www.ebay.com,India,2019-05-14 15:33:40,568,Pune,External Hard Drive
422.48,Visa,www.snapdeal.com,Thailand,2019-05-14 15:33:41,569,Bangkok,Desktop Computer
127.54,Visa,www.flipkart.com,Singapore,2019-05-14 15:33:42,570,Singapore,Wrist Band
120.98,MasterCard,www.ebay.com,India,2019-05-14 15:33:43,571,Mumbai,HDMI Cable
55.45,Visa,www.flipkart.com,Italy,2019-05-14 15:33:44,572,Rome,HDMI Cable
422.34,Visa,www.amazon.com,India,2019-05-14 15:33:45,573,Hyderabad,Laptop
476.96,Maestro,www.ebay.com,Singapore,2019-05-14 15:33:46,574,Singapore,Wrist Watch
159.22,Maestro,www.flipkart.com,India,2019-05-14 15:33:47,575,Pune,External Hard Drive
169.45,Maestro,www.snapdeal.com,India,2019-05-14 15:33:48,576,Pune,LAN Cable
203.65,MasterCard,www.amazon.com,India,2019-05-14 15:33:49,577,Kolkata,TV Stand
180.85,Visa,www.amazon.com,Inida,2019-05-14 15:33:50,578,New Delhi,Text Books
330.68,Visa,www.snapdeal.com,India,2019-05-14 15:33:51,579,Pune,Wrist Watch
212.14,Maestro,www.flipkart.com,India,2019-05-14 15:33:52,580,Chennai,External Hard Drive
192.1,MasterCard,www.ebay.com,Inida,2019-05-14 15:33:53,581,New Delhi,TV Stand
439.12,Maestro,www.amazon.com,Italy,2019-05-14 15:33:54,582,Rome,HDMI Cable
80.08,MasterCard,www.ebay.com,Thailand,2019-05-14 15:33:55,583,Bangkok,Mobile Phone
406.62,Maestro,www.flipkart.com,Inida,2019-05-14 15:33:56,584,New Delhi,TV Stand
347.45,MasterCard,www.snapdeal.com,India,2019-05-14 15:33:57,585,Bangalore,Text Books
83.3,Maestro,www.flipkart.com,United States,2019-05-14 15:33:58,586,New York City,Mobile Phone
127.29,Visa,www.snapdeal.com,India,2019-05-14 15:33:59,587,Chennai,Laptop
209.03,Maestro,www.ebay.com,India,2019-05-14 15:34:00,588,Kolkata,Desktop Computer
341.26,Maestro,www.flipkart.com,France,2019-05-14 15:34:01,589,Paris,Desktop Computer
155.47,Visa,www.flipkart.com,Thailand,2019-05-14 15:34:02,590,Bangkok,LAN Cable
98.83,Maestro,www.flipkart.com,India,2019-05-14 15:34:03,591,Pune,Wrist Band
74.07,Maestro,www.ebay.com,India,2019-05-14 15:34:04,592,Pune,Desktop Computer
555.07,Visa,www.flipkart.com,United States,2019-05-14 15:34:05,593,New York City,TV
440.57,MasterCard,www.amazon.com,India,2019-05-14 15:34:06,594,Hyderabad,Text Books
506.23,Visa,www.ebay.com,India,2019-05-14 15:34:07,595,Mumbai,Mobile Phone
76.64,Maestro,www.ebay.com,United States,2019-05-14 15:34:08,596,New York City,Desktop Computer
360.19,Visa,www.ebay.com,India,2019-05-14 15:34:09,597,Bangalore,External Hard Drive
243.13,MasterCard,www.ebay.com,India,2019-05-14 15:34:10,598,Mumbai,Laptop
397.96,MasterCard,www.ebay.com,Thailand,2019-05-14 15:34:11,599,Bangkok,External Hard Drive
329.4,Visa,www.snapdeal.com,Italy,2019-05-14 15:34:12,600,Rome,TV
107.36,MasterCard,www.flipkart.com,Israel,2019-05-14 15:34:13,601,Jerusalem,TV
155.91,MasterCard,www.flipkart.com,Inida,2019-05-14 15:34:14,602,New Delhi,HDMI Cable
28.67,MasterCard,www.flipkart.com,France,2019-05-14 15:34:15,603,Paris,Mobile Phone
226.61,Maestro,www.snapdeal.com,Inida,2019-05-14 15:34:16,604,New Delhi,Wrist Watch
527.55,MasterCard,www.snapdeal.com,Italy,2019-05-14 15:34:17,605,Rome,HDMI Cable
420.01,Maestro,www.snapdeal.com,France,2019-05-14 15:34:18,606,Paris,Laptop
15.41,Maestro,www.amazon.com,France,2019-05-14 15:34:19,607,Paris,Desktop Computer
444.89,MasterCard,www.amazon.com,India,2019-05-14 15:34:20,608,Bangalore,LAN Cable
526.33,Visa,www.snapdeal.com,United States,2019-05-14 15:34:21,609,New York City,Pen Drive
16.88,Maestro,www.ebay.com,India,2019-05-14 15:34:22,610,Hyderabad,TV
211.97,Visa,www.snapdeal.com,India,2019-05-14 15:34:23,611,Chennai,Wrist Band
200.97,MasterCard,www.flipkart.com,Singapore,2019-05-14 15:34:24,612,Singapore,External Hard Drive
352.08,Maestro,www.amazon.com,Singapore,2019-05-14 15:34:25,613,Singapore,Desktop Computer
330.67,MasterCard,www.snapdeal.com,India,2019-05-14 15:34:26,614,Kolkata,Laptop
60.52,Maestro,www.amazon.com,India,2019-05-14 15:34:27,615,Kolkata,Pen Drive
19.23,Maestro,www.snapdeal.com,Israel,2019-05-14 15:34:28,616,Jerusalem,Laptop
112.56,Visa,www.snapdeal.com,Singapore,2019-05-14 15:34:29,617,Singapore,Mobile Phone
475.26,Visa,www.snapdeal.com,Israel,2019-05-14 15:34:30,618,Jerusalem,HDMI Cable
189.12,MasterCard,www.ebay.com,United Kingdom,2019-05-14 15:34:31,619,London,Wrist Band
274.78,MasterCard,www.amazon.com,United States,2019-05-14 15:34:32,620,New York City,Laptop
157.64,Maestro,www.snapdeal.com,India,2019-05-14 15:34:33,621,Pune,TV Stand
250.49,Maestro,www.ebay.com,India,2019-05-14 15:34:34,622,Bangalore,Desktop Computer
387.07,Visa,www.ebay.com,France,2019-05-14 15:34:35,623,Paris,Text Books
54.99,MasterCard,www.flipkart.com,United Kingdom,2019-05-14 15:34:36,624,London,HDMI Cable
237.32,Visa,www.snapdeal.com,United Kingdom,2019-05-14 15:34:37,625,London,TV Stand
362.31,Visa,www.flipkart.com,India,2019-05-14 15:34:38,626,Kolkata,Laptop
104.05,Visa,www.amazon.com,India,2019-05-14 15:34:39,627,Chennai,Laptop
488.41,Maestro,www.amazon.com,India,2019-05-14 15:34:40,628,Kolkata,External Hard Drive
161.07,Maestro,www.ebay.com,India,2019-05-14 15:34:41,629,Bangalore,Laptop
524.21,Maestro,www.amazon.com,India,2019-05-14 15:34:42,630,Kolkata,External Hard Drive
532.0,Visa,www.snapdeal.com,India,2019-05-14 15:34:43,631,Hyderabad,Pen Drive
163.56,Visa,www.ebay.com,United Kingdom,2019-05-14 15:34:44,632,London,LAN Cable
349.96,Maestro,www.flipkart.com,United States,2019-05-14 15:34:45,633,New York City,HDMI Cable
276.36,Maestro,www.flipkart.com,Inida,2019-05-14 15:34:46,634,New Delhi,Wrist Watch
122.51,MasterCard,www.amazon.com,India,2019-05-14 15:34:47,635,Mumbai,HDMI Cable
72.12,Visa,www.amazon.com,India,2019-05-14 15:34:48,636,Bangalore,Wrist Band
118.1,MasterCard,www.amazon.com,India,2019-05-14 15:34:49,637,Kolkata,Mobile Phone
197.38,Visa,www.amazon.com,Thailand,2019-05-14 15:34:50,638,Bangkok,LAN Cable
470.61,Visa,www.amazon.com,India,2019-05-14 15:34:51,639,Hyderabad,LAN Cable
63.32,Maestro,www.snapdeal.com,India,2019-05-14 15:34:52,640,Pune,LAN Cable
346.36,MasterCard,www.ebay.com,Israel,2019-05-14 15:34:53,641,Jerusalem,Mobile Phone
11.54,Maestro,www.snapdeal.com,India,2019-05-14 15:34:54,642,Mumbai,TV Stand
357.31,Visa,www.amazon.com,Israel,2019-05-14 15:34:55,643,Jerusalem,Mobile Phone
268.52,MasterCard,www.ebay.com,India,2019-05-14 15:34:56,644,Kolkata,HDMI Cable
498.62,Maestro,www.amazon.com,United Kingdom,2019-05-14 15:34:57,645,London,Mobile Phone
254.59,MasterCard,www.ebay.com,Singapore,2019-05-14 15:34:58,646,Singapore,Pen Drive
397.84,Maestro,www.flipkart.com,Singapore,2019-05-14 15:34:59,647,Singapore,TV
275.56,MasterCard,www.ebay.com,Thailand,2019-05-14 15:35:00,648,Bangkok,Wrist Watch
305.22,Maestro,www.ebay.com,France,2019-05-14 15:35:01,649,Paris,HDMI Cable
159.87,Visa,www.snapdeal.com,United States,2019-05-14 15:35:02,650,New York City,External Hard Drive
449.95,Visa,www.amazon.com,United Kingdom,2019-05-14 15:35:03,651,London,Text Books
219.86,Maestro,www.flipkart.com,Italy,2019-05-14 15:35:04,652,Rome,Wrist Watch
271.99,Visa,www.amazon.com,India,2019-05-14 15:35:05,653,Hyderabad,Desktop Computer
368.06,MasterCard,www.ebay.com,Thailand,2019-05-14 15:35:06,654,Bangkok,Wrist Band
463.04,Visa,www.flipkart.com,Singapore,2019-05-14 15:35:07,655,Singapore,Wrist Watch
50.59,Visa,www.amazon.com,Italy,2019-05-14 15:35:08,656,Rome,Wrist Band
156.49,MasterCard,www.snapdeal.com,India,2019-05-14 15:35:09,657,Hyderabad,Laptop
187.01,Maestro,www.snapdeal.com,India,2019-05-14 15:35:10,658,Chennai,Mobile Phone
50.13,Visa,www.snapdeal.com,India,2019-05-14 15:35:11,659,Bangalore,LAN Cable
460.29,MasterCard,www.amazon.com,India,2019-05-14 15:35:12,660,Mumbai,LAN Cable
215.73,MasterCard,www.ebay.com,France,2019-05-14 15:35:13,661,Paris,LAN Cable
460.85,MasterCard,www.ebay.com,India,2019-05-14 15:35:14,662,Pune,LAN Cable
256.16,Visa,www.snapdeal.com,United States,2019-05-14 15:35:15,663,New York City,Wrist Watch
305.05,Maestro,www.snapdeal.com,India,2019-05-14 15:35:16,664,Pune,HDMI Cable
540.38,Visa,www.ebay.com,India,2019-05-14 15:35:17,665,Pune,Wrist Band
307.22,Maestro,www.amazon.com,Inida,2019-05-14 15:35:18,666,New Delhi,LAN Cable
235.66,MasterCard,www.snapdeal.com,India,2019-05-14 15:35:19,667,Kolkata,Pen Drive
62.73,MasterCard,www.snapdeal.com,India,2019-05-14 15:35:20,668,Kolkata,Laptop
407.33,MasterCard,www.flipkart.com,India,2019-05-14 15:35:21,669,Pune,Mobile Phone
285.67,Visa,www.snapdeal.com,Israel,2019-05-14 15:35:22,670,Jerusalem,TV Stand
515.15,Maestro,www.flipkart.com,India,2019-05-14 15:35:23,671,Mumbai,Wrist Band
22.06,MasterCard,www.ebay.com,India,2019-05-14 15:35:24,672,Hyderabad,Text Books
67.46,MasterCard,www.snapdeal.com,Israel,2019-05-14 15:35:25,673,Jerusalem,Laptop
142.14,MasterCard,www.flipkart.com,United Kingdom,2019-05-14 15:35:26,674,London,TV Stand
179.3,MasterCard,www.flipkart.com,Thailand,2019-05-14 15:35:27,675,Bangkok,Pen Drive
186.12,MasterCard,www.amazon.com,France,2019-05-14 15:35:28,676,Paris,Desktop Computer
67.6,Maestro,www.amazon.com,France,2019-05-14 15:35:29,677,Paris,Desktop Computer
391.52,Maestro,www.snapdeal.com,United States,2019-05-14 15:35:30,678,New York City,TV Stand
228.62,Maestro,www.snapdeal.com,Inida,2019-05-14 15:35:31,679,New Delhi,HDMI Cable
523.45,Maestro,www.flipkart.com,Singapore,2019-05-14 15:35:32,680,Singapore,LAN Cable
199.41,MasterCard,www.amazon.com,Italy,2019-05-14 15:35:33,681,Rome,Text Books
514.72,MasterCard,www.snapdeal.com,India,2019-05-14 15:35:34,682,Bangalore,Wrist Band
176.13,MasterCard,www.snapdeal.com,United Kingdom,2019-05-14 15:35:35,683,London,HDMI Cable
532.54,MasterCard,www.ebay.com,India,2019-05-14 15:35:36,684,Kolkata,Mobile Phone
139.52,Visa,www.ebay.com,Italy,2019-05-14 15:35:37,685,Rome,HDMI Cable
195.57,Visa,www.flipkart.com,India,2019-05-14 15:35:38,686,Pune,HDMI Cable
226.67,Maestro,www.snapdeal.com,India,2019-05-14 15:35:39,687,Bangalore,Mobile Phone
111.48,Visa,www.flipkart.com,Italy,2019-05-14 15:35:40,688,Rome,TV Stand
278.08,MasterCard,www.ebay.com,India,2019-05-14 15:35:41,689,Kolkata,External Hard Drive
61.4,Visa,www.flipkart.com,India,2019-05-14 15:35:42,690,Mumbai,Text Books
382.34,Maestro,www.amazon.com,Thailand,2019-05-14 15:35:43,691,Bangkok,Wrist Band
493.07,Maestro,www.amazon.com,United Kingdom,2019-05-14 15:35:44,692,London,LAN Cable
14.55,MasterCard,www.ebay.com,India,2019-05-14 15:35:45,693,Pune,Laptop
505.8,MasterCard,www.snapdeal.com,Thailand,2019-05-14 15:35:46,694,Bangkok,TV
535.49,Maestro,www.amazon.com,India,2019-05-14 15:35:47,695,Kolkata,HDMI Cable
80.95,Maestro,www.flipkart.com,Singapore,2019-05-14 15:35:48,696,Singapore,Pen Drive
11.62,Visa,www.flipkart.com,India,2019-05-14 15:35:49,697,Chennai,Pen Drive
405.83,MasterCard,www.amazon.com,Inida,2019-05-14 15:35:50,698,New Delhi,Pen Drive
80.05,Maestro,www.flipkart.com,India,2019-05-14 15:35:51,699,Pune,Wrist Band
193.66,Visa,www.snapdeal.com,Singapore,2019-05-14 15:35:52,700,Singapore,HDMI Cable
73.53,Visa,www.snapdeal.com,India,2019-05-14 15:35:53,701,Hyderabad,LAN Cable
269.36,MasterCard,www.snapdeal.com,India,2019-05-14 15:35:54,702,Kolkata,Text Books
392.08,Visa,www.snapdeal.com,Israel,2019-05-14 15:35:55,703,Jerusalem,Wrist Watch
279.24,MasterCard,www.amazon.com,Italy,2019-05-14 15:35:56,704,Rome,HDMI Cable
478.57,MasterCard,www.snapdeal.com,Italy,2019-05-14 15:35:57,705,Rome,Pen Drive
548.38,Visa,www.snapdeal.com,India,2019-05-14 15:35:58,706,Hyderabad,Desktop Computer
411.73,Maestro,www.ebay.com,India,2019-05-14 15:35:59,707,Hyderabad,HDMI Cable
169.47,MasterCard,www.amazon.com,India,2019-05-14 15:36:00,708,Kolkata,Laptop
409.38,Visa,www.ebay.com,India,2019-05-14 15:36:01,709,Chennai,Wrist Band
454.82,Visa,www.snapdeal.com,Israel,2019-05-14 15:36:02,710,Jerusalem,Pen Drive
547.42,Maestro,www.ebay.com,India,2019-05-14 15:36:03,711,Chennai,Laptop
299.16,MasterCard,www.flipkart.com,Italy,2019-05-14 15:36:04,712,Rome,Desktop Computer
409.37,Maestro,www.snapdeal.com,United States,2019-05-14 15:36:05,713,New York City,Mobile Phone
166.79,Maestro,www.ebay.com,France,2019-05-14 15:36:06,714,Paris,TV Stand
173.0,Maestro,www.ebay.com,India,2019-05-14 15:36:07,715,Bangalore,Desktop Computer
161.42,Maestro,www.amazon.com,India,2019-05-14 15:36:08,716,Kolkata,TV
139.99,Maestro,www.snapdeal.com,India,2019-05-14 15:36:09,717,Kolkata,TV Stand
378.21,MasterCard,www.amazon.com,India,2019-05-14 15:36:10,718,Kolkata,HDMI Cable
108.77,MasterCard,www.ebay.com,India,2019-05-14 15:36:12,719,Chennai,HDMI Cable
424.14,MasterCard,www.amazon.com,Israel,2019-05-14 15:36:13,720,Jerusalem,External Hard Drive
248.69,Visa,www.flipkart.com,Singapore,2019-05-14 15:36:14,721,Singapore,TV
360.09,Maestro,www.flipkart.com,India,2019-05-14 15:36:15,722,Pune,HDMI Cable
359.08,MasterCard,www.flipkart.com,India,2019-05-14 15:36:16,723,Chennai,Desktop Computer
311.91,MasterCard,www.amazon.com,United Kingdom,2019-05-14 15:36:17,724,London,Mobile Phone
162.5,Maestro,www.ebay.com,India,2019-05-14 15:36:18,725,Chennai,Pen Drive
13.46,MasterCard,www.flipkart.com,Israel,2019-05-14 15:36:19,726,Jerusalem,Wrist Band
282.72,MasterCard,www.snapdeal.com,France,2019-05-14 15:36:20,727,Paris,External Hard Drive
453.77,Maestro,www.ebay.com,India,2019-05-14 15:36:21,728,Pune,Laptop
79.31,MasterCard,www.amazon.com,Italy,2019-05-14 15:36:22,729,Rome,Laptop
328.51,Maestro,www.flipkart.com,Italy,2019-05-14 15:36:23,730,Rome,Text Books
196.82,Visa,www.snapdeal.com,Thailand,2019-05-14 15:36:24,731,Bangkok,Mobile Phone
243.55,MasterCard,www.flipkart.com,India,2019-05-14 15:36:25,732,Chennai,Desktop Computer
136.64,Visa,www.amazon.com,Singapore,2019-05-14 15:36:26,733,Singapore,Wrist Band
157.17,Maestro,www.flipkart.com,India,2019-05-14 15:36:27,734,Kolkata,Pen Drive
17.79,Visa,www.flipkart.com,Thailand,2019-05-14 15:36:28,735,Bangkok,TV
172.96,Maestro,www.ebay.com,India,2019-05-14 15:36:29,736,Bangalore,TV
393.04,MasterCard,www.snapdeal.com,Italy,2019-05-14 15:36:30,737,Rome,LAN Cable
480.46,Visa,www.snapdeal.com,India,2019-05-14 15:36:31,738,Mumbai,Wrist Band
451.65,Visa,www.amazon.com,India,2019-05-14 15:36:32,739,Chennai,TV
509.63,MasterCard,www.flipkart.com,India,2019-05-14 15:36:33,740,Pune,Wrist Watch
43.1,MasterCard,www.amazon.com,India,2019-05-14 15:36:34,741,Hyderabad,Laptop
427.83,MasterCard,www.flipkart.com,Thailand,2019-05-14 15:36:35,742,Bangkok,Mobile Phone
137.91,Visa,www.flipkart.com,India,2019-05-14 15:36:36,743,Mumbai,HDMI Cable
186.68,Maestro,www.ebay.com,United Kingdom,2019-05-14 15:36:37,744,London,LAN Cable
351.24,MasterCard,www.snapdeal.com,India,2019-05-14 15:36:38,745,Hyderabad,Text Books
17.73,Maestro,www.snapdeal.com,India,2019-05-14 15:36:39,746,Mumbai,External Hard Drive
508.02,MasterCard,www.snapdeal.com,India,2019-05-14 15:36:40,747,Kolkata,Wrist Watch
20.16,Visa,www.amazon.com,Thailand,2019-05-14 15:36:41,748,Bangkok,Laptop
112.81,Visa,www.flipkart.com,India,2019-05-14 15:36:42,749,Chennai,Text Books
184.6,Maestro,www.ebay.com,India,2019-05-14 15:36:43,750,Hyderabad,Wrist Band
465.74,Maestro,www.ebay.com,Italy,2019-05-14 15:36:44,751,Rome,Text Books
184.41,Maestro,www.flipkart.com,Singapore,2019-05-14 15:36:45,752,Singapore,Laptop
108.17,MasterCard,www.snapdeal.com,India,2019-05-14 15:36:46,753,Hyderabad,Wrist Band
137.92,Maestro,www.ebay.com,India,2019-05-14 15:36:47,754,Bangalore,LAN Cable
244.26,Maestro,www.amazon.com,India,2019-05-14 15:36:48,755,Chennai,TV Stand
242.42,Maestro,www.snapdeal.com,Singapore,2019-05-14 15:36:49,756,Singapore,Mobile Phone
97.33,Maestro,www.snapdeal.com,India,2019-05-14 15:36:50,757,Chennai,Wrist Band
499.48,Maestro,www.amazon.com,India,2019-05-14 15:36:51,758,Mumbai,External Hard Drive
430.48,MasterCard,www.flipkart.com,India,2019-05-14 15:36:52,759,Hyderabad,Desktop Computer
417.79,MasterCard,www.amazon.com,Inida,2019-05-14 15:36:53,760,New Delhi,Wrist Band
521.94,Visa,www.snapdeal.com,Thailand,2019-05-14 15:36:54,761,Bangkok,TV
195.55,Visa,www.amazon.com,United States,2019-05-14 15:36:55,762,New York City,Pen Drive
421.44,MasterCard,www.amazon.com,France,2019-05-14 15:36:56,763,Paris,TV Stand
297.85,MasterCard,www.amazon.com,India,2019-05-14 15:36:57,764,Chennai,TV
111.03,Visa,www.snapdeal.com,India,2019-05-14 15:36:58,765,Pune,TV Stand
537.68,Maestro,www.amazon.com,India,2019-05-14 15:36:59,766,Bangalore,Wrist Band
502.26,MasterCard,www.flipkart.com,United States,2019-05-14 15:37:00,767,New York City,External Hard Drive
181.69,Visa,www.ebay.com,Singapore,2019-05-14 15:37:01,768,Singapore,Pen Drive
393.96,Visa,www.flipkart.com,United Kingdom,2019-05-14 15:37:02,769,London,Laptop
179.66,MasterCard,www.flipkart.com,India,2019-05-14 15:37:03,770,Bangalore,External Hard Drive
324.86,Maestro,www.amazon.com,India,2019-05-14 15:37:04,771,Pune,Text Books
91.5,Maestro,www.ebay.com,India,2019-05-14 15:37:05,772,Pune,HDMI Cable
498.59,MasterCard,www.flipkart.com,India,2019-05-14 15:37:06,773,Kolkata,TV Stand
340.85,MasterCard,www.flipkart.com,India,2019-05-14 15:37:07,774,Pune,External Hard Drive
78.51,Maestro,www.amazon.com,Italy,2019-05-14 15:37:08,775,Rome,HDMI Cable
170.0,MasterCard,www.amazon.com,Italy,2019-05-14 15:37:09,776,Rome,TV
386.93,Maestro,www.snapdeal.com,India,2019-05-14 15:37:10,777,Hyderabad,TV Stand
75.01,Maestro,www.snapdeal.com,Thailand,2019-05-14 15:37:11,778,Bangkok,Text Books
491.26,Maestro,www.flipkart.com,India,2019-05-14 15:37:12,779,Bangalore,Desktop Computer
12.54,Visa,www.flipkart.com,United Kingdom,2019-05-14 15:37:13,780,London,HDMI Cable
446.22,Visa,www.amazon.com,United Kingdom,2019-05-14 15:37:14,781,London,Wrist Watch
51.08,Visa,www.ebay.com,India,2019-05-14 15:37:15,782,Chennai,Laptop
419.22,Visa,www.flipkart.com,India,2019-05-14 15:37:16,783,Pune,HDMI Cable
455.94,MasterCard,www.flipkart.com,India,2019-05-14 15:37:17,784,Hyderabad,HDMI Cable
225.08,MasterCard,www.snapdeal.com,United States,2019-05-14 15:37:18,785,New York City,Mobile Phone
64.45,Visa,www.snapdeal.com,India,2019-05-14 15:37:19,786,Kolkata,TV Stand
127.11,Visa,www.snapdeal.com,India,2019-05-14 15:37:20,787,Hyderabad,TV Stand
422.28,MasterCard,www.flipkart.com,India,2019-05-14 15:37:21,788,Pune,Mobile Phone
133.53,Maestro,www.snapdeal.com,Singapore,2019-05-14 15:37:22,789,Singapore,Mobile Phone
449.62,MasterCard,www.ebay.com,India,2019-05-14 15:37:23,790,Hyderabad,Laptop
99.42,Visa,www.snapdeal.com,Thailand,2019-05-14 15:37:24,791,Bangkok,TV
318.64,MasterCard,www.ebay.com,Inida,2019-05-14 15:37:25,792,New Delhi,Laptop
517.59,MasterCard,www.snapdeal.com,India,2019-05-14 15:37:26,793,Hyderabad,HDMI Cable
32.52,MasterCard,www.flipkart.com,United States,2019-05-14 15:37:27,794,New York City,Pen Drive
468.78,Visa,www.snapdeal.com,United Kingdom,2019-05-14 15:37:28,795,London,External Hard Drive
438.63,Visa,www.flipkart.com,United Kingdom,2019-05-14 15:37:29,796,London,Mobile Phone
275.16,Visa,www.ebay.com,Italy,2019-05-14 15:37:30,797,Rome,HDMI Cable
538.39,Maestro,www.flipkart.com,Italy,2019-05-14 15:37:31,798,Rome,Pen Drive
157.82,Visa,www.amazon.com,India,2019-05-14 15:37:32,799,Hyderabad,Mobile Phone
110.58,Visa,www.snapdeal.com,United States,2019-05-14 15:37:33,800,New York City,Wrist Band
123.6,MasterCard,www.ebay.com,India,2019-05-14 15:37:34,801,Hyderabad,Mobile Phone
172.73,MasterCard,www.flipkart.com,India,2019-05-14 15:37:35,802,Mumbai,Wrist Band
71.64,Visa,www.flipkart.com,Inida,2019-05-14 15:37:36,803,New Delhi,Wrist Watch
113.59,Visa,www.ebay.com,Italy,2019-05-14 15:37:37,804,Rome,Wrist Watch
408.31,Maestro,www.flipkart.com,India,2019-05-14 15:37:38,805,Mumbai,Wrist Band
70.11,MasterCard,www.snapdeal.com,India,2019-05-14 15:37:39,806,Hyderabad,Pen Drive
278.66,MasterCard,www.flipkart.com,Israel,2019-05-14 15:37:40,807,Jerusalem,External Hard Drive
465.21,Visa,www.snapdeal.com,India,2019-05-14 15:37:41,808,Kolkata,HDMI Cable
363.15,Maestro,www.flipkart.com,India,2019-05-14 15:37:42,809,Hyderabad,Desktop Computer
48.91,Maestro,www.snapdeal.com,India,2019-05-14 15:37:43,810,Mumbai,Text Books
38.21,MasterCard,www.snapdeal.com,India,2019-05-14 15:37:44,811,Bangalore,TV
379.77,Maestro,www.flipkart.com,Inida,2019-05-14 15:37:45,812,New Delhi,Mobile Phone
290.79,MasterCard,www.snapdeal.com,United Kingdom,2019-05-14 15:37:46,813,London,Wrist Band
192.3,MasterCard,www.snapdeal.com,India,2019-05-14 15:37:47,814,Kolkata,TV Stand
201.59,Maestro,www.amazon.com,India,2019-05-14 15:37:48,815,Pune,LAN Cable
140.78,MasterCard,www.amazon.com,Israel,2019-05-14 15:37:49,816,Jerusalem,Mobile Phone
261.11,Visa,www.ebay.com,Israel,2019-05-14 15:37:50,817,Jerusalem,Pen Drive
394.98,MasterCard,www.amazon.com,Singapore,2019-05-14 15:37:51,818,Singapore,Wrist Watch
150.46,Visa,www.amazon.com,Inida,2019-05-14 15:37:52,819,New Delhi,Text Books
343.0,Maestro,www.flipkart.com,Singapore,2019-05-14 15:37:53,820,Singapore,Laptop
139.0,Maestro,www.snapdeal.com,France,2019-05-14 15:37:54,821,Paris,Laptop
375.16,MasterCard,www.flipkart.com,India,2019-05-14 15:37:55,822,Hyderabad,Pen Drive
484.82,Maestro,www.ebay.com,France,2019-05-14 15:37:56,823,Paris,Laptop
354.8,MasterCard,www.ebay.com,United States,2019-05-14 15:37:57,824,New York City,TV Stand
435.18,Visa,www.snapdeal.com,India,2019-05-14 15:37:58,825,Hyderabad,TV
72.91,MasterCard,www.amazon.com,Italy,2019-05-14 15:37:59,826,Rome,LAN Cable
20.72,Maestro,www.flipkart.com,India,2019-05-14 15:38:00,827,Mumbai,Pen Drive
415.85,Visa,www.snapdeal.com,Inida,2019-05-14 15:38:01,828,New Delhi,HDMI Cable
281.56,MasterCard,www.flipkart.com,India,2019-05-14 15:38:02,829,Hyderabad,LAN Cable
374.82,Visa,www.snapdeal.com,United Kingdom,2019-05-14 15:38:03,830,London,Laptop
487.34,Maestro,www.ebay.com,Inida,2019-05-14 15:38:04,831,New Delhi,Desktop Computer
389.26,Visa,www.flipkart.com,Israel,2019-05-14 15:38:05,832,Jerusalem,HDMI Cable
444.36,Visa,www.ebay.com,India,2019-05-14 15:38:06,833,Bangalore,Pen Drive
270.46,MasterCard,www.amazon.com,Thailand,2019-05-14 15:38:07,834,Bangkok,Pen Drive
329.05,Maestro,www.snapdeal.com,Singapore,2019-05-14 15:38:08,835,Singapore,Text Books
211.79,MasterCard,www.ebay.com,Italy,2019-05-14 15:38:09,836,Rome,TV
303.05,MasterCard,www.flipkart.com,India,2019-05-14 15:38:10,837,Hyderabad,External Hard Drive
93.36,MasterCard,www.amazon.com,United Kingdom,2019-05-14 15:38:11,838,London,LAN Cable
406.93,Visa,www.ebay.com,India,2019-05-14 15:38:12,839,Mumbai,Text Books
79.35,Visa,www.flipkart.com,France,2019-05-14 15:38:13,840,Paris,Text Books
246.3,Visa,www.ebay.com,India,2019-05-14 15:38:14,841,Mumbai,Wrist Watch
384.04,Maestro,www.snapdeal.com,United Kingdom,2019-05-14 15:38:15,842,London,Pen Drive
364.06,Maestro,www.flipkart.com,France,2019-05-14 15:38:16,843,Paris,Text Books
458.78,Maestro,www.snapdeal.com,Singapore,2019-05-14 15:38:17,844,Singapore,Pen Drive
305.53,Maestro,www.snapdeal.com,India,2019-05-14 15:38:18,845,Pune,LAN Cable
298.83,Visa,www.ebay.com,India,2019-05-14 15:38:19,846,Chennai,Pen Drive
199.74,MasterCard,www.flipkart.com,United States,2019-05-14 15:38:20,847,New York City,Text Books
370.09,MasterCard,www.ebay.com,India,2019-05-14 15:38:21,848,Hyderabad,TV
229.4,Visa,www.flipkart.com,France,2019-05-14 15:38:22,849,Paris,External Hard Drive
552.29,Maestro,www.amazon.com,Singapore,2019-05-14 15:38:23,850,Singapore,Wrist Watch
397.44,Visa,www.snapdeal.com,United States,2019-05-14 15:38:24,851,New York City,Wrist Band
514.53,Visa,www.amazon.com,Singapore,2019-05-14 15:38:25,852,Singapore,TV
308.61,Maestro,www.ebay.com,Israel,2019-05-14 15:38:26,853,Jerusalem,Wrist Band
546.33,Visa,www.amazon.com,Thailand,2019-05-14 15:38:27,854,Bangkok,HDMI Cable
433.55,Visa,www.flipkart.com,Italy,2019-05-14 15:38:28,855,Rome,External Hard Drive
478.53,Maestro,www.ebay.com,Italy,2019-05-14 15:38:29,856,Rome,Text Books
378.62,Maestro,www.ebay.com,United Kingdom,2019-05-14 15:38:30,857,London,Pen Drive
460.41,Maestro,www.ebay.com,Singapore,2019-05-14 15:38:31,858,Singapore,Desktop Computer
111.2,Maestro,www.amazon.com,Inida,2019-05-14 15:38:32,859,New Delhi,Wrist Watch
422.29,MasterCard,www.ebay.com,India,2019-05-14 15:38:33,860,Chennai,Pen Drive
289.83,Maestro,www.ebay.com,India,2019-05-14 15:38:34,861,Pune,TV Stand
16.5,Visa,www.ebay.com,India,2019-05-14 15:38:35,862,Chennai,Laptop
354.4,MasterCard,www.amazon.com,United Kingdom,2019-05-14 15:38:36,863,London,Wrist Watch
170.02,MasterCard,www.ebay.com,India,2019-05-14 15:38:37,864,Pune,HDMI Cable
144.03,Maestro,www.snapdeal.com,Inida,2019-05-14 15:38:38,865,New Delhi,Mobile Phone
448.28,Visa,www.amazon.com,Singapore,2019-05-14 15:38:39,866,Singapore,Pen Drive
78.07,Visa,www.snapdeal.com,United States,2019-05-14 15:38:40,867,New York City,HDMI Cable
86.67,MasterCard,www.flipkart.com,United Kingdom,2019-05-14 15:38:41,868,London,LAN Cable
385.25,Visa,www.ebay.com,Singapore,2019-05-14 15:38:42,869,Singapore,TV
552.48,MasterCard,www.amazon.com,India,2019-05-14 15:38:43,870,Kolkata,Pen Drive
141.33,MasterCard,www.snapdeal.com,Thailand,2019-05-14 15:38:44,871,Bangkok,TV
552.94,Visa,www.snapdeal.com,India,2019-05-14 15:38:45,872,Chennai,Pen Drive
401.73,Maestro,www.snapdeal.com,Singapore,2019-05-14 15:38:46,873,Singapore,Text Books
9.94,MasterCard,www.amazon.com,India,2019-05-14 15:38:47,874,Pune,TV
133.97,MasterCard,www.amazon.com,Israel,2019-05-14 15:38:48,875,Jerusalem,HDMI Cable
235.2,Maestro,www.flipkart.com,United Kingdom,2019-05-14 15:38:49,876,London,Mobile Phone
300.57,MasterCard,www.amazon.com,India,2019-05-14 15:38:50,877,Kolkata,External Hard Drive
367.33,Maestro,www.amazon.com,Singapore,2019-05-14 15:38:51,878,Singapore,HDMI Cable
210.23,MasterCard,www.flipkart.com,United Kingdom,2019-05-14 15:38:52,879,London,HDMI Cable
242.79,MasterCard,www.ebay.com,France,2019-05-14 15:38:53,880,Paris,Wrist Band
124.09,Maestro,www.ebay.com,India,2019-05-14 15:38:54,881,Chennai,LAN Cable
71.92,Maestro,www.flipkart.com,India,2019-05-14 15:38:55,882,Kolkata,Text Books
543.92,MasterCard,www.amazon.com,India,2019-05-14 15:38:56,883,Chennai,TV
348.79,MasterCard,www.ebay.com,India,2019-05-14 15:38:57,884,Hyderabad,Desktop Computer
313.65,MasterCard,www.ebay.com,United Kingdom,2019-05-14 15:38:58,885,London,LAN Cable
537.09,MasterCard,www.ebay.com,Italy,2019-05-14 15:38:59,886,Rome,Wrist Watch
376.57,Maestro,www.ebay.com,India,2019-05-14 15:39:00,887,Bangalore,Desktop Computer
341.17,MasterCard,www.amazon.com,India,2019-05-14 15:39:01,888,Bangalore,External Hard Drive
162.47,Visa,www.flipkart.com,India,2019-05-14 15:39:02,889,Bangalore,Mobile Phone
554.6,Visa,www.flipkart.com,India,2019-05-14 15:39:03,890,Hyderabad,LAN Cable
376.5,Maestro,www.ebay.com,India,2019-05-14 15:39:04,891,Bangalore,Laptop
399.94,Maestro,www.flipkart.com,Italy,2019-05-14 15:39:05,892,Rome,TV Stand
380.1,MasterCard,www.amazon.com,United States,2019-05-14 15:39:06,893,New York City,Wrist Band
32.82,Maestro,www.amazon.com,Thailand,2019-05-14 15:39:07,894,Bangkok,TV
198.02,Maestro,www.flipkart.com,India,2019-05-14 15:39:08,895,Mumbai,Desktop Computer
10.35,MasterCard,www.snapdeal.com,India,2019-05-14 15:39:09,896,Hyderabad,Wrist Band
487.57,Visa,www.flipkart.com,United States,2019-05-14 15:39:10,897,New York City,Mobile Phone
202.71,MasterCard,www.flipkart.com,India,2019-05-14 15:39:11,898,Pune,Desktop Computer
106.54,Visa,www.amazon.com,India,2019-05-14 15:39:12,899,Kolkata,Laptop
550.22,MasterCard,www.flipkart.com,Inida,2019-05-14 15:39:13,900,New Delhi,Wrist Band
540.33,MasterCard,www.flipkart.com,Israel,2019-05-14 15:39:14,901,Jerusalem,External Hard Drive
220.73,MasterCard,www.snapdeal.com,Singapore,2019-05-14 15:39:15,902,Singapore,External Hard Drive
293.38,Maestro,www.amazon.com,France,2019-05-14 15:39:16,903,Paris,Desktop Computer
126.59,Visa,www.ebay.com,Singapore,2019-05-14 15:39:17,904,Singapore,Pen Drive
393.17,MasterCard,www.ebay.com,Singapore,2019-05-14 15:39:18,905,Singapore,Text Books
233.66,Visa,www.amazon.com,Italy,2019-05-14 15:39:19,906,Rome,Desktop Computer
255.91,Visa,www.ebay.com,India,2019-05-14 15:39:20,907,Hyderabad,Wrist Band
495.36,Visa,www.amazon.com,Inida,2019-05-14 15:39:21,908,New Delhi,External Hard Drive
470.79,Visa,www.amazon.com,France,2019-05-14 15:39:22,909,Paris,TV
546.19,MasterCard,www.snapdeal.com,Israel,2019-05-14 15:39:23,910,Jerusalem,Desktop Computer
331.3,MasterCard,www.amazon.com,Inida,2019-05-14 15:39:24,911,New Delhi,Wrist Band
283.06,MasterCard,www.snapdeal.com,India,2019-05-14 15:39:25,912,Mumbai,Pen Drive
62.81,MasterCard,www.ebay.com,Singapore,2019-05-14 15:39:26,913,Singapore,LAN Cable
344.9,Maestro,www.flipkart.com,Thailand,2019-05-14 15:39:27,914,Bangkok,HDMI Cable
136.76,Visa,www.ebay.com,India,2019-05-14 15:39:28,915,Kolkata,HDMI Cable
219.0,Visa,www.snapdeal.com,United Kingdom,2019-05-14 15:39:29,916,London,Text Books
473.83,Visa,www.flipkart.com,France,2019-05-14 15:39:30,917,Paris,Laptop
200.66,MasterCard,www.flipkart.com,Israel,2019-05-14 15:39:31,918,Jerusalem,Mobile Phone
489.97,Visa,www.flipkart.com,India,2019-05-14 15:39:32,919,Kolkata,Mobile Phone
440.59,MasterCard,www.amazon.com,India,2019-05-14 15:39:33,920,Bangalore,External Hard Drive
159.67,Visa,www.ebay.com,India,2019-05-14 15:39:34,921,Pune,External Hard Drive
143.52,MasterCard,www.flipkart.com,India,2019-05-14 15:39:35,922,Pune,Wrist Band
367.52,Maestro,www.flipkart.com,United Kingdom,2019-05-14 15:39:36,923,London,Wrist Band
403.82,Maestro,www.amazon.com,India,2019-05-14 15:39:37,924,Bangalore,Desktop Computer
315.44,Maestro,www.snapdeal.com,Inida,2019-05-14 15:39:38,925,New Delhi,Wrist Watch
248.68,MasterCard,www.snapdeal.com,India,2019-05-14 15:39:39,926,Pune,Wrist Band
174.6,Visa,www.ebay.com,India,2019-05-14 15:39:40,927,Chennai,External Hard Drive
174.61,Maestro,www.flipkart.com,United Kingdom,2019-05-14 15:39:41,928,London,LAN Cable
509.98,MasterCard,www.ebay.com,Singapore,2019-05-14 15:39:42,929,Singapore,External Hard Drive
93.64,Maestro,www.amazon.com,India,2019-05-14 15:39:43,930,Bangalore,HDMI Cable
196.15,Maestro,www.flipkart.com,India,2019-05-14 15:39:44,931,Hyderabad,Laptop
166.1,MasterCard,www.flipkart.com,Inida,2019-05-14 15:39:45,932,New Delhi,TV Stand
99.83,MasterCard,www.flipkart.com,Italy,2019-05-14 15:39:46,933,Rome,Mobile Phone
480.08,Maestro,www.snapdeal.com,United States,2019-05-14 15:39:47,934,New York City,External Hard Drive
533.6,Maestro,www.flipkart.com,India,2019-05-14 15:39:48,935,Chennai,TV
261.15,Visa,www.amazon.com,Israel,2019-05-14 15:39:49,936,Jerusalem,Text Books
512.25,Maestro,www.amazon.com,India,2019-05-14 15:39:50,937,Bangalore,Text Books
281.86,Maestro,www.snapdeal.com,India,2019-05-14 15:39:51,938,Chennai,Wrist Watch
538.62,MasterCard,www.amazon.com,India,2019-05-14 15:39:52,939,Pune,LAN Cable
527.81,Maestro,www.snapdeal.com,India,2019-05-14 15:39:53,940,Hyderabad,LAN Cable
369.14,MasterCard,www.ebay.com,India,2019-05-14 15:39:54,941,Hyderabad,HDMI Cable
508.52,Maestro,www.amazon.com,Singapore,2019-05-14 15:39:55,942,Singapore,External Hard Drive
459.41,Maestro,www.snapdeal.com,United States,2019-05-14 15:39:56,943,New York City,LAN Cable
131.92,MasterCard,www.amazon.com,Singapore,2019-05-14 15:39:57,944,Singapore,LAN Cable
307.59,MasterCard,www.flipkart.com,India,2019-05-14 15:39:58,945,Kolkata,Wrist Band
105.48,MasterCard,www.ebay.com,United Kingdom,2019-05-14 15:39:59,946,London,Wrist Band
45.51,Visa,www.amazon.com,India,2019-05-14 15:40:00,947,Hyderabad,Wrist Band
180.68,Maestro,www.amazon.com,India,2019-05-14 15:40:01,948,Mumbai,Laptop
452.21,MasterCard,www.ebay.com,India,2019-05-14 15:40:02,949,Mumbai,Mobile Phone
74.82,Visa,www.ebay.com,India,2019-05-14 15:40:03,950,Kolkata,Desktop Computer
421.86,Maestro,www.amazon.com,Singapore,2019-05-14 15:40:04,951,Singapore,TV Stand
216.92,Maestro,www.flipkart.com,India,2019-05-14 15:40:05,952,Bangalore,LAN Cable
347.58,Visa,www.snapdeal.com,France,2019-05-14 15:40:06,953,Paris,HDMI Cable
45.94,MasterCard,www.flipkart.com,France,2019-05-14 15:40:07,954,Paris,Laptop
51.48,Visa,www.amazon.com,France,2019-05-14 15:40:08,955,Paris,LAN Cable
132.57,Maestro,www.snapdeal.com,Thailand,2019-05-14 15:40:09,956,Bangkok,Wrist Band
334.74,Visa,www.snapdeal.com,United States,2019-05-14 15:40:10,957,New York City,TV
114.05,Visa,www.flipkart.com,Italy,2019-05-14 15:40:11,958,Rome,Wrist Watch
436.75,Visa,www.ebay.com,India,2019-05-14 15:40:12,959,Bangalore,Desktop Computer
406.99,MasterCard,www.snapdeal.com,India,2019-05-14 15:40:13,960,Chennai,Desktop Computer
391.15,Maestro,www.ebay.com,Singapore,2019-05-14 15:40:14,961,Singapore,HDMI Cable
54.79,MasterCard,www.flipkart.com,India,2019-05-14 15:40:15,962,Bangalore,TV
289.77,MasterCard,www.snapdeal.com,India,2019-05-14 15:40:16,963,Kolkata,Text Books
349.96,Visa,www.snapdeal.com,India,2019-05-14 15:40:17,964,Bangalore,Mobile Phone
230.96,Maestro,www.ebay.com,United Kingdom,2019-05-14 15:40:18,965,London,Wrist Watch
421.24,Maestro,www.amazon.com,Inida,2019-05-14 15:40:19,966,New Delhi,HDMI Cable
193.76,MasterCard,www.snapdeal.com,India,2019-05-14 15:40:20,967,Hyderabad,Text Books
316.82,MasterCard,www.amazon.com,India,2019-05-14 15:40:21,968,Pune,LAN Cable
224.26,Visa,www.snapdeal.com,Thailand,2019-05-14 15:40:22,969,Bangkok,Mobile Phone
70.09,Maestro,www.ebay.com,United States,2019-05-14 15:40:23,970,New York City,TV Stand
95.42,MasterCard,www.amazon.com,India,2019-05-14 15:40:24,971,Kolkata,TV
353.59,Visa,www.flipkart.com,India,2019-05-14 15:40:25,972,Hyderabad,Text Books
89.17,Maestro,www.ebay.com,United States,2019-05-14 15:40:26,973,New York City,HDMI Cable
487.86,MasterCard,www.ebay.com,India,2019-05-14 15:40:27,974,Hyderabad,Text Books
58.58,Maestro,www.amazon.com,France,2019-05-14 15:40:28,975,Paris,Pen Drive
545.46,MasterCard,www.snapdeal.com,India,2019-05-14 15:40:29,976,Mumbai,Laptop
195.37,MasterCard,www.ebay.com,United States,2019-05-14 15:40:30,977,New York City,Mobile Phone
548.88,Maestro,www.amazon.com,Singapore,2019-05-14 15:40:31,978,Singapore,TV
282.57,Maestro,www.ebay.com,India,2019-05-14 15:40:32,979,Hyderabad,Wrist Band
31.15,Maestro,www.snapdeal.com,India,2019-05-14 15:40:33,980,Hyderabad,TV
548.57,Visa,www.ebay.com,Israel,2019-05-14 15:40:34,981,Jerusalem,TV
228.39,Maestro,www.amazon.com,India,2019-05-14 15:40:35,982,Hyderabad,Wrist Watch
550.38,MasterCard,www.amazon.com,India,2019-05-14 15:40:36,983,Bangalore,Desktop Computer
203.66,Maestro,www.flipkart.com,India,2019-05-14 15:40:37,984,Kolkata,TV Stand
74.23,Maestro,www.snapdeal.com,United Kingdom,2019-05-14 15:40:38,985,London,Wrist Watch
451.75,Maestro,www.flipkart.com,Thailand,2019-05-14 15:40:39,986,Bangkok,Pen Drive
65.61,Maestro,www.amazon.com,Italy,2019-05-14 15:40:40,987,Rome,Pen Drive
13.0,Visa,www.snapdeal.com,India,2019-05-14 15:40:41,988,Bangalore,Text Books
62.57,MasterCard,www.ebay.com,India,2019-05-14 15:40:42,989,Pune,Text Books
377.44,Maestro,www.flipkart.com,India,2019-05-14 15:40:43,990,Kolkata,LAN Cable
207.85,Visa,www.flipkart.com,United Kingdom,2019-05-14 15:40:44,991,London,TV
425.46,Maestro,www.ebay.com,India,2019-05-14 15:40:45,992,Kolkata,LAN Cable
535.76,Visa,www.amazon.com,United Kingdom,2019-05-14 15:40:46,993,London,HDMI Cable
466.4,Visa,www.snapdeal.com,India,2019-05-14 15:40:47,994,Bangalore,Pen Drive
454.58,Maestro,www.flipkart.com,India,2019-05-14 15:40:48,995,Pune,LAN Cable
386.21,MasterCard,www.snapdeal.com,United States,2019-05-14 15:40:49,996,New York City,TV
19.95,Maestro,www.flipkart.com,United States,2019-05-14 15:40:50,997,New York City,Wrist Watch
376.51,MasterCard,www.snapdeal.com,Inida,2019-05-14 15:40:51,998,New Delhi,TV
424.4,Maestro,www.snapdeal.com,India,2019-05-14 15:40:52,999,Pune,Pen Drive
489.96,Visa,www.amazon.com,Thailand,2019-05-14 15:40:53,1000,Bangkok,Wrist Band
